model_period,block_id,block_kind,block_order,block_period,source_hour_index,source_timestamp,source_week_index,source_role,scored,annual_weight,heat_demand_mw,wind_cf,pv_cf,ambient_temperature_c,wind_available_mw,pv_available_mw,minimum_heat_constrained_net_chp_mw,positive_surplus_pressure_mw
1,representative_week_04,representative_week,1,1,504,2024-01-22T00:00:00,4,representative_scored,true,1,371.927777777778,0.275,0.0,-4.24,288.75,0.0,239.33175770387646,0.0
2,representative_week_04,representative_week,1,2,505,2024-01-22T01:00:00,4,representative_scored,true,1,372.048611111111,0.325,0.0,-4.33,341.25,0.0,239.3927712380285,0.0
3,representative_week_04,representative_week,1,3,506,2024-01-22T02:00:00,4,representative_scored,true,1,368.203240740741,0.368,0.0,-4.32,386.4,0.0,237.45109148834143,0.0
4,representative_week_04,representative_week,1,4,507,2024-01-22T03:00:00,4,representative_scored,true,1,376.110648148148,0.406,0.0,-3.88,426.3,0.0,241.44385456619563,0.0
5,representative_week_04,representative_week,1,5,508,2024-01-22T04:00:00,4,representative_scored,true,1,385.047222222222,0.437,0.0,-3.92,458.85,0.0,245.95628464182923,4.806284641829279
6,representative_week_04,representative_week,1,6,509,2024-01-22T05:00:00,4,representative_scored,true,1,380.50462962963,0.429,0.0,-3.95,450.45,0.0,243.66254978703404,0.0
7,representative_week_04,representative_week,1,7,510,2024-01-22T06:00:00,4,representative_scored,true,1,390.204166666667,0.398,0.0,-4.12,417.90000000000003,0.0,248.560230070648,0.0
8,representative_week_04,representative_week,1,8,511,2024-01-22T07:00:00,4,representative_scored,true,1,401.303703703704,0.365,0.0,-4.35,383.25,0.0,254.1648257844395,0.0
9,representative_week_04,representative_week,1,9,512,2024-01-22T08:00:00,4,representative_scored,true,1,417.701388888889,0.317,0.2133939927231875,-4.69,332.85,42.678798544637495,262.4446662677254,0.0
10,representative_week_04,representative_week,1,10,513,2024-01-22T09:00:00,4,representative_scored,true,1,426.101851851852,0.227,0.46774838292558746,-1.4,238.35,93.5496765851175,266.6863926171205,0.0
11,representative_week_04,representative_week,1,11,514,2024-01-22T10:00:00,4,representative_scored,true,1,401.775462962963,0.08,0.65638467899595,3.07,84.0,131.27693579919,254.40303571279614,0.0
12,representative_week_04,representative_week,1,12,515,2024-01-22T11:00:00,4,representative_scored,true,1,401.642592592593,0.028,0.7699510015006,6.9,29.400000000000002,153.99020030012,254.33594420206194,0.0
13,representative_week_04,representative_week,1,13,516,2024-01-22T12:00:00,4,representative_scored,true,1,394.224537037037,0.051,0.8197656982606,8.43,53.55,163.95313965212,250.59027424910732,0.0
14,representative_week_04,representative_week,1,14,517,2024-01-22T13:00:00,4,representative_scored,true,1,410.140277777778,0.065,0.8054131022127875,9.43,68.25,161.0826204425575,258.62676190077474,0.0
15,representative_week_04,representative_week,1,15,518,2024-01-22T14:00:00,4,representative_scored,true,1,420.118981481481,0.056,0.7269640632176876,10.11,58.800000000000004,145.39281264353752,263.6654044874297,0.0
16,representative_week_04,representative_week,1,16,519,2024-01-22T15:00:00,4,representative_scored,true,1,420.197685185185,0.037,0.5881854276921875,10.45,38.85,117.6370855384375,263.70514510354434,0.0
17,representative_week_04,representative_week,1,17,520,2024-01-22T16:00:00,4,representative_scored,true,1,419.726388888889,0.037,0.39220427790678747,9.97,38.85,78.4408555813575,263.46716894351783,0.0
18,representative_week_04,representative_week,1,18,521,2024-01-22T17:00:00,4,representative_scored,true,1,433.712037037037,0.05,0.16260024152348748,8.81,52.5,32.5200483046975,270.5290764270601,0.0
19,representative_week_04,representative_week,1,19,522,2024-01-22T18:00:00,4,representative_scored,true,1,429.913888888889,0.041,0.0,7.62,43.050000000000004,0.0,268.6112410470416,0.0
20,representative_week_04,representative_week,1,20,523,2024-01-22T19:00:00,4,representative_scored,true,1,403.983333333333,0.021,0.0,6.83,22.05,0.0,255.5178768789721,0.0
21,representative_week_04,representative_week,1,21,524,2024-01-22T20:00:00,4,representative_scored,true,1,398.110185185185,0.006,0.0,5.69,6.3,0.0,252.5522918435119,0.0
22,representative_week_04,representative_week,1,22,525,2024-01-22T21:00:00,4,representative_scored,true,1,384.841203703704,0.001,0.0,1.95,1.05,0.0,245.85225773494165,0.0
23,representative_week_04,representative_week,1,23,526,2024-01-22T22:00:00,4,representative_scored,true,1,391.542592592593,0.0,0.0,-2.19,0.0,0.0,249.2360543129242,0.0
24,representative_week_04,representative_week,1,24,527,2024-01-22T23:00:00,4,representative_scored,true,1,421.381018518518,0.0,0.0,-3.97,0.0,0.0,264.30265695524184,0.0
25,representative_week_04,representative_week,1,25,528,2024-01-23T00:00:00,4,representative_scored,true,1,400.914351851852,0.007,0.0,-4.44,7.3500000000000005,0.0,253.96822661883786,0.0
26,representative_week_04,representative_week,1,26,529,2024-01-23T01:00:00,4,representative_scored,true,1,399.43287037037,0.024,0.0,-4.58,25.2,0.0,253.22016796256509,0.0
27,representative_week_04,representative_week,1,27,530,2024-01-23T02:00:00,4,representative_scored,true,1,408.984259259259,0.043,0.0,-4.67,45.15,0.0,258.04304238055187,0.0
28,representative_week_04,representative_week,1,28,531,2024-01-23T03:00:00,4,representative_scored,true,1,408.406481481481,0.052,0.0,-4.22,54.599999999999994,0.0,257.7512995046055,0.0
29,representative_week_04,representative_week,1,29,532,2024-01-23T04:00:00,4,representative_scored,true,1,411.88287037037,0.058,0.0,-4.29,60.900000000000006,0.0,259.50666589521495,0.0
30,representative_week_04,representative_week,1,30,533,2024-01-23T05:00:00,4,representative_scored,true,1,408.406944444444,0.071,0.0,-4.31,74.55,0.0,257.7515332729356,0.0
31,representative_week_04,representative_week,1,31,534,2024-01-23T06:00:00,4,representative_scored,true,1,408.925,0.106,0.0,-4.32,111.3,0.0,258.0131200343011,0.0
32,representative_week_04,representative_week,1,32,535,2024-01-23T07:00:00,4,representative_scored,true,1,409.363425925926,0.18,0.0,-4.35,189.0,0.0,258.23449864289177,0.0
33,representative_week_04,representative_week,1,33,536,2024-01-23T08:00:00,4,representative_scored,true,1,412.721296296296,0.321,0.20216579864568748,-4.41,337.05,40.43315972913749,259.9300203409992,0.0
34,representative_week_04,representative_week,1,34,537,2024-01-23T09:00:00,4,representative_scored,true,1,396.964814814815,0.429,0.4484764495674875,-0.64,450.45,89.6952899134975,251.9739489948814,92.11923890837886
35,representative_week_04,representative_week,1,35,538,2024-01-23T10:00:00,4,representative_scored,true,1,399.959259259259,0.276,0.63226731498875,4.45,289.8,126.45346299775,253.48596255387193,0.0
36,representative_week_04,representative_week,1,36,539,2024-01-23T11:00:00,4,representative_scored,true,1,409.036111111111,0.43,0.7452634558336,7.8,451.5,149.05269116672,258.06922443352147,158.62191560024144
37,representative_week_04,representative_week,1,37,540,2024-01-23T12:00:00,4,representative_scored,true,1,420.614814814815,0.712,0.7966946455375875,9.04,747.5999999999999,159.33892910751752,263.91577036895126,470.8546994764688
38,representative_week_04,representative_week,1,38,541,2024-01-23T13:00:00,4,representative_scored,true,1,419.512962962963,0.739,0.7838662652147499,9.96,775.95,156.77325304295,263.35940174334854,496.0826547862987
39,representative_week_04,representative_week,1,39,542,2024-01-23T14:00:00,4,representative_scored,true,1,429.623611111111,0.714,0.70805619072,10.39,749.6999999999999,141.611238144,268.46466830407803,459.7759064480779
40,representative_week_04,representative_week,1,40,543,2024-01-23T15:00:00,4,representative_scored,true,1,436.639814814815,0.689,0.5691259751231875,10.44,723.4499999999999,113.82519502463751,272.0074273465187,409.2826223711561
41,representative_week_04,representative_week,1,41,544,2024-01-23T16:00:00,4,representative_scored,true,1,444.271759259259,0.617,0.369747324828,10.01,647.85,73.9494649656,327.44174644632284,349.2412114119229
42,representative_week_04,representative_week,1,42,545,2024-01-23T17:00:00,4,representative_scored,true,1,423.5875,0.619,0.1415914672110875,8.95,649.95,28.318293442217502,265.4167968164279,243.68509025864546
43,representative_week_04,representative_week,1,43,546,2024-01-23T18:00:00,4,representative_scored,true,1,408.549074074074,0.637,0.0,6.5,668.85,0.0,257.82330015027196,226.67330015027198
44,representative_week_04,representative_week,1,44,547,2024-01-23T19:00:00,4,representative_scored,true,1,407.356481481481,0.642,0.0,6.06,674.1,0.0,257.22111293197236,231.32111293197238
45,representative_week_04,representative_week,1,45,548,2024-01-23T20:00:00,4,representative_scored,true,1,381.597222222222,0.64,0.0,6.39,672.0,0.0,244.2142430460347,216.21424304603465
46,representative_week_04,representative_week,1,46,549,2024-01-23T21:00:00,4,representative_scored,true,1,373.751388888889,0.625,0.0,5.66,656.25,0.0,240.2525711560818,196.50257115608179
47,representative_week_04,representative_week,1,47,550,2024-01-23T22:00:00,4,representative_scored,true,1,374.996759259259,0.6,0.0,4.69,630.0,0.0,240.88140796401066,170.8814079640107
48,representative_week_04,representative_week,1,48,551,2024-01-23T23:00:00,4,representative_scored,true,1,397.393055555556,0.603,0.0,3.86,633.15,0.0,252.1901847002103,185.34018470021033
49,representative_week_04,representative_week,1,49,552,2024-01-24T00:00:00,4,representative_scored,true,1,405.805555555556,0.613,0.0,3.21,643.65,0.0,256.4379890261876,200.08798902618764
50,representative_week_04,representative_week,1,50,553,2024-01-24T01:00:00,4,representative_scored,true,1,393.956018518518,0.617,0.0,1.99,647.85,0.0,250.45468861765767,198.3046886176577
51,representative_week_04,representative_week,1,51,554,2024-01-24T02:00:00,4,representative_scored,true,1,403.476851851852,0.617,0.0,0.54,647.85,0.0,255.2621343258591,203.1121343258592
52,representative_week_04,representative_week,1,52,555,2024-01-24T03:00:00,4,representative_scored,true,1,420.768981481481,0.592,0.0,-2.13,621.6,0.0,263.99361522286927,185.5936152228693
53,representative_week_04,representative_week,1,53,556,2024-01-24T04:00:00,4,representative_scored,true,1,414.970833333333,0.552,0.0,-1.84,579.6,0.0,261.0659006568829,140.66590065688297
54,representative_week_04,representative_week,1,54,557,2024-01-24T05:00:00,4,representative_scored,true,1,417.587037037037,0.536,0.0,-1.32,562.8000000000001,0.0,262.38692549019424,125.18692549019431
55,representative_week_04,representative_week,1,55,558,2024-01-24T06:00:00,4,representative_scored,true,1,426.660185185185,0.533,0.0,-1.06,559.65,0.0,266.968317223203,126.6183172232029
56,representative_week_04,representative_week,1,56,559,2024-01-24T07:00:00,4,representative_scored,true,1,421.3,0.517,0.0,-1.11,542.85,0.0,264.2617474974772,107.11174749747715
57,representative_week_04,representative_week,1,57,560,2024-01-24T08:00:00,4,representative_scored,true,1,453.589351851852,0.448,0.1118700800223875,-0.32,470.40000000000003,22.3740160044775,332.1465678576168,124.9205838620943
58,representative_week_04,representative_week,1,58,561,2024-01-24T09:00:00,4,representative_scored,true,1,444.408796296296,0.25,0.23741549978394996,2.13,262.5,47.48309995678999,327.510941872028,0.0
59,representative_week_04,representative_week,1,59,562,2024-01-24T10:00:00,4,representative_scored,true,1,449.31712962963,0.177,0.4617058823967499,4.09,185.85,92.34117647934998,329.98935370759114,0.0
60,representative_week_04,representative_week,1,60,563,2024-01-24T11:00:00,4,representative_scored,true,1,450.054166666667,0.152,0.547453029228,6.56,159.6,109.4906058456,330.36151288908667,0.0
61,representative_week_04,representative_week,1,61,564,2024-01-24T12:00:00,4,representative_scored,true,1,441.778240740741,0.107,0.5747526552841875,7.82,112.35,114.9505310568375,326.18267022048445,0.0
62,representative_week_04,representative_week,1,62,565,2024-01-24T13:00:00,4,representative_scored,true,1,441.783333333333,0.059,0.5749555067709999,8.64,61.949999999999996,114.99110135419998,326.1852416721151,0.0
63,representative_week_04,representative_week,1,63,566,2024-01-24T14:00:00,4,representative_scored,true,1,432.787962962963,0.05,0.4814408918326874,8.96,52.5,96.28817836653748,270.06247484021014,0.0
64,representative_week_04,representative_week,1,64,567,2024-01-24T15:00:00,4,representative_scored,true,1,432.330092592593,0.07,0.3911451357821875,9.15,73.5,78.2290271564375,269.83127796175614,0.0
65,representative_week_04,representative_week,1,65,568,2024-01-24T16:00:00,4,representative_scored,true,1,406.027777777778,0.116,0.2216080917687875,8.92,121.80000000000001,44.3216183537575,256.55019782462836,0.0
66,representative_week_04,representative_week,1,66,569,2024-01-24T17:00:00,4,representative_scored,true,1,392.196759259259,0.203,0.077912869643,8.12,213.15,15.582573928599999,249.56636896333424,0.0
67,representative_week_04,representative_week,1,67,570,2024-01-24T18:00:00,4,representative_scored,true,1,354.317592592593,0.29,0.0,7.34,304.5,0.0,230.43967796409757,0.0
68,representative_week_04,representative_week,1,68,571,2024-01-24T19:00:00,4,representative_scored,true,1,367.908333333333,0.352,0.0,6.27,369.59999999999997,0.0,237.3021810620769,0.0
69,representative_week_04,representative_week,1,69,572,2024-01-24T20:00:00,4,representative_scored,true,1,352.450925925926,0.419,0.0,5.74,439.95,0.0,229.49712405719407,0.0
70,representative_week_04,representative_week,1,70,573,2024-01-24T21:00:00,4,representative_scored,true,1,373.780092592593,0.442,0.0,4.68,464.1,0.0,240.26706479254722,4.3670647925472394
71,representative_week_04,representative_week,1,71,574,2024-01-24T22:00:00,4,representative_scored,true,1,382.948611111111,0.412,0.0,3.68,432.59999999999997,0.0,244.8966128015533,0.0
72,representative_week_04,representative_week,1,72,575,2024-01-24T23:00:00,4,representative_scored,true,1,373.937037037037,0.45,0.0,2.74,472.5,0.0,240.34631225644586,12.846312256445799
73,representative_week_04,representative_week,1,73,576,2024-01-25T00:00:00,4,representative_scored,true,1,389.378703703704,0.426,0.0,2.36,447.3,0.0,248.14342113810622,0.0
74,representative_week_04,representative_week,1,74,577,2024-01-25T01:00:00,4,representative_scored,true,1,407.876388888889,0.374,0.0,1.75,392.7,0.0,257.48363476665827,0.0
75,representative_week_04,representative_week,1,75,578,2024-01-25T02:00:00,4,representative_scored,true,1,408.618055555555,0.314,0.0,1.16,329.7,0.0,257.85813163145434,0.0
76,representative_week_04,representative_week,1,76,579,2024-01-25T03:00:00,4,representative_scored,true,1,413.627314814815,0.254,0.0,0.96,266.7,0.0,260.38750496297604,0.0
77,representative_week_04,representative_week,1,77,580,2024-01-25T04:00:00,4,representative_scored,true,1,409.450462962963,0.217,0.0,1.14,227.85,0.0,258.27844708894776,0.0
78,representative_week_04,representative_week,1,78,581,2024-01-25T05:00:00,4,representative_scored,true,1,413.552314814815,0.198,0.0,1.09,207.9,0.0,260.3496344935023,0.0
79,representative_week_04,representative_week,1,79,582,2024-01-25T06:00:00,4,representative_scored,true,1,422.038888888889,0.155,0.0,0.77,162.75,0.0,264.63484175229314,0.0
80,representative_week_04,representative_week,1,80,583,2024-01-25T07:00:00,4,representative_scored,true,1,419.947685185185,0.107,0.0,0.45,112.35,0.0,263.57891020529837,0.0
81,representative_week_04,representative_week,1,81,584,2024-01-25T08:00:00,4,representative_scored,true,1,439.082407407407,0.048,0.1608470106117875,0.22,50.4,32.169402122357496,324.8214372343983,0.0
82,representative_week_04,representative_week,1,82,585,2024-01-25T09:00:00,4,representative_scored,true,1,436.44212962963,0.013,0.41080754364079997,1.54,13.649999999999999,82.16150872815999,271.90760826957245,0.0
83,representative_week_04,representative_week,1,83,586,2024-01-25T10:00:00,4,representative_scored,true,1,447.157407407407,0.007,0.5897980264330875,4.69,7.3500000000000005,117.9596052866175,328.8988244477435,0.0
84,representative_week_04,representative_week,1,84,587,2024-01-25T11:00:00,4,representative_scored,true,1,450.586111111111,0.004,0.74141627475755,6.11,4.2,148.28325495151,330.63011270035423,0.0
85,representative_week_04,representative_week,1,85,588,2024-01-25T12:00:00,4,representative_scored,true,1,437.192592592593,0.0,0.7889490251881875,7.53,0.0,157.7898050376375,272.28654673264043,0.0
86,representative_week_04,representative_week,1,86,589,2024-01-25T13:00:00,4,representative_scored,true,1,445.756944444444,0.0,0.75730715647595,8.57,0.0,151.46143129519,328.1916752492359,0.0
87,representative_week_04,representative_week,1,87,590,2024-01-25T14:00:00,4,representative_scored,true,1,441.425462962963,0.0,0.6832082419552,9.18,0.0,136.64164839104,326.0045387529595,0.0
88,representative_week_04,representative_week,1,88,591,2024-01-25T15:00:00,4,representative_scored,true,1,422.486111111111,0.003,0.5315168283803874,9.33,3.15,106.30336567607748,264.86066195915527,0.0
89,representative_week_04,representative_week,1,89,592,2024-01-25T16:00:00,4,representative_scored,true,1,408.069907407407,0.008,0.36443931749715,9.19,8.4,72.88786349943,257.58134992863364,0.0
90,representative_week_04,representative_week,1,90,593,2024-01-25T17:00:00,4,representative_scored,true,1,381.518518518519,0.022,0.15457278043199998,8.29,23.099999999999998,30.914556086399998,244.17450242992058,0.0
91,representative_week_04,representative_week,1,91,594,2024-01-25T18:00:00,4,representative_scored,true,1,373.407407407407,0.039,0.0,6.36,40.95,0.0,240.07888128682828,0.0
92,representative_week_04,representative_week,1,92,595,2024-01-25T19:00:00,4,representative_scored,true,1,403.218055555556,0.047,0.0,5.97,49.35,0.0,255.1314578293417,0.0
93,representative_week_04,representative_week,1,93,596,2024-01-25T20:00:00,4,representative_scored,true,1,405.899074074074,0.05,0.0,5.79,52.5,0.0,256.48521022886456,0.0
94,representative_week_04,representative_week,1,94,597,2024-01-25T21:00:00,4,representative_scored,true,1,397.306944444444,0.046,0.0,5.52,48.3,0.0,252.14670379081397,0.0
95,representative_week_04,representative_week,1,95,598,2024-01-25T22:00:00,4,representative_scored,true,1,403.914351851852,0.035,0.0,5.12,36.75,0.0,255.4830453977896,0.0
96,representative_week_04,representative_week,1,96,599,2024-01-25T23:00:00,4,representative_scored,true,1,399.428703703704,0.027,0.0,4.31,28.35,0.0,253.21806404759465,0.0
97,representative_week_04,representative_week,1,97,600,2024-01-26T00:00:00,4,representative_scored,true,1,392.098148148148,0.027,0.0,3.59,28.35,0.0,249.51657630902616,0.0
98,representative_week_04,representative_week,1,98,601,2024-01-26T01:00:00,4,representative_scored,true,1,393.226851851852,0.03,0.0,2.91,31.5,0.0,250.0865034977739,0.0
99,representative_week_04,representative_week,1,99,602,2024-01-26T02:00:00,4,representative_scored,true,1,393.2625,0.031,0.0,2.74,32.55,0.0,250.10450365919033,0.0
100,representative_week_04,representative_week,1,100,603,2024-01-26T03:00:00,4,representative_scored,true,1,389.331944444444,0.03,0.0,3.26,31.5,0.0,248.11981053676723,0.0
101,representative_week_04,representative_week,1,101,604,2024-01-26T04:00:00,4,representative_scored,true,1,388.231944444444,0.037,0.0,2.46,38.85,0.0,247.5643769844849,0.0
102,representative_week_04,representative_week,1,102,605,2024-01-26T05:00:00,4,representative_scored,true,1,390.970833333333,0.055,0.0,2.24,57.75,0.0,248.94735042526867,0.0
103,representative_week_04,representative_week,1,103,606,2024-01-26T06:00:00,4,representative_scored,true,1,390.31712962963,0.096,0.0,1.94,100.8,0.0,248.6172695431888,0.0
104,representative_week_04,representative_week,1,104,607,2024-01-26T07:00:00,4,representative_scored,true,1,398.881018518518,0.136,0.0,1.02,142.8,0.0,252.94151611310352,0.0
105,representative_week_04,representative_week,1,105,608,2024-01-26T08:00:00,4,representative_scored,true,1,378.019444444444,0.146,0.08379771795979998,0.31,153.29999999999998,16.759543591959996,242.40768139113652,0.0
106,representative_week_04,representative_week,1,106,609,2024-01-26T09:00:00,4,representative_scored,true,1,388.480555555556,0.091,0.17736564430080004,0.86,95.55,35.47312886016001,247.68991057774105,0.0
107,representative_week_04,representative_week,1,107,610,2024-01-26T10:00:00,4,representative_scored,true,1,433.694907407407,0.046,0.2390122404005875,2.7,48.3,47.8024480801175,270.5204269988467,0.0
108,representative_week_04,representative_week,1,108,611,2024-01-26T11:00:00,4,representative_scored,true,1,431.032407407407,0.054,0.3658128434238874,3.52,56.7,73.16256868477748,269.17602533252705,0.0
109,representative_week_04,representative_week,1,109,612,2024-01-26T12:00:00,4,representative_scored,true,1,424.144907407407,0.065,0.41304140303468756,4.54,68.25,82.60828060693751,265.69825388585025,0.0
110,representative_week_04,representative_week,1,110,613,2024-01-26T13:00:00,4,representative_scored,true,1,413.093055555556,0.06,0.3946103448589875,5.44,63.0,78.9220689717975,260.1177363100579,0.0
111,representative_week_04,representative_week,1,111,614,2024-01-26T14:00:00,4,representative_scored,true,1,409.388425925926,0.036,0.3932367350956875,5.73,37.8,78.6473470191375,258.24712213271636,0.0
112,representative_week_04,representative_week,1,112,615,2024-01-26T15:00:00,4,representative_scored,true,1,407.84537037037,0.017,0.32588822112,6.8,17.85,65.17764422399999,257.4679722885424,0.0
113,representative_week_04,representative_week,1,113,616,2024-01-26T16:00:00,4,representative_scored,true,1,408.673611111111,0.006,0.1826799264862,6.87,6.3,36.535985297239996,257.8861838310648,0.0
114,representative_week_04,representative_week,1,114,617,2024-01-26T17:00:00,4,representative_scored,true,1,396.275,0.002,0.07332981098235,6.35,2.1,14.66596219647,251.62563418305444,0.0
115,representative_week_04,representative_week,1,115,618,2024-01-26T18:00:00,4,representative_scored,true,1,397.889814814815,0.002,0.0,5.16,2.1,0.0,252.44101811839155,0.0
116,representative_week_04,representative_week,1,116,619,2024-01-26T19:00:00,4,representative_scored,true,1,400.524537037037,0.003,0.0,3.57,3.15,0.0,253.77139368490603,0.0
117,representative_week_04,representative_week,1,117,620,2024-01-26T20:00:00,4,representative_scored,true,1,393.68287037037,0.001,0.0,3.03,1.05,0.0,250.3167653029075,0.0
118,representative_week_04,representative_week,1,118,621,2024-01-26T21:00:00,4,representative_scored,true,1,378.87962962963,0.008,0.0,2.58,8.4,0.0,242.8420229484352,0.0
119,representative_week_04,representative_week,1,119,622,2024-01-26T22:00:00,4,representative_scored,true,1,386.211574074074,0.037,0.0,2.29,38.85,0.0,246.54421199199342,0.0
120,representative_week_04,representative_week,1,120,623,2024-01-26T23:00:00,4,representative_scored,true,1,374.334259259259,0.068,0.0,2.45,71.4,0.0,240.54688548365883,0.0
121,representative_week_04,representative_week,1,121,624,2024-01-27T00:00:00,4,representative_scored,true,1,375.414814814815,0.102,0.0,2.27,107.1,0.0,241.0925007660778,0.0
122,representative_week_04,representative_week,1,122,625,2024-01-27T01:00:00,4,representative_scored,true,1,381.572222222222,0.179,0.0,2.24,187.95,0.0,244.20161955621012,0.0
123,representative_week_04,representative_week,1,123,626,2024-01-27T02:00:00,4,representative_scored,true,1,390.718981481481,0.224,0.0,1.91,235.20000000000002,0.0,248.82018045370228,0.0
124,representative_week_04,representative_week,1,124,627,2024-01-27T03:00:00,4,representative_scored,true,1,394.468055555556,0.246,0.0,2.27,258.3,0.0,250.71323639073233,0.0
125,representative_week_04,representative_week,1,125,628,2024-01-27T04:00:00,4,representative_scored,true,1,396.058796296296,0.299,0.0,1.98,313.95,0.0,251.51646437290455,0.0
126,representative_week_04,representative_week,1,126,629,2024-01-27T05:00:00,4,representative_scored,true,1,397.68287037037,0.303,0.0,1.75,318.15,0.0,252.3365236748432,0.0
127,representative_week_04,representative_week,1,127,630,2024-01-27T06:00:00,4,representative_scored,true,1,400.197685185185,0.28,0.0,0.37,294.0,0.0,253.6063532438658,0.0
128,representative_week_04,representative_week,1,128,631,2024-01-27T07:00:00,4,representative_scored,true,1,401.046296296296,0.229,0.0,1.23,240.45000000000002,0.0,254.03485059291188,0.0
129,representative_week_04,representative_week,1,129,632,2024-01-27T08:00:00,4,representative_scored,true,1,409.675925925926,0.132,0.0328663390363875,0.78,138.6,6.5732678072774995,258.39229226569927,0.0
130,representative_week_04,representative_week,1,130,633,2024-01-27T09:00:00,4,representative_scored,true,1,403.788888888889,0.065,0.07233847073099998,1.21,68.25,14.467694146199998,255.41969418033648,0.0
131,representative_week_04,representative_week,1,131,634,2024-01-27T10:00:00,4,representative_scored,true,1,416.9125,0.095,0.17020688673235,1.65,99.75,34.04137734647,262.04632503326025,0.0
132,representative_week_04,representative_week,1,132,635,2024-01-27T11:00:00,4,representative_scored,true,1,407.986111111111,0.118,0.24668254779315,3.5,123.89999999999999,49.33650955863,257.53903786088836,0.0
133,representative_week_04,representative_week,1,133,636,2024-01-27T12:00:00,4,representative_scored,true,1,399.198148148148,0.134,0.26661562431874997,4.63,140.70000000000002,53.323124863749996,253.10164741921204,0.0
134,representative_week_04,representative_week,1,134,637,2024-01-27T13:00:00,4,representative_scored,true,1,395.441203703704,0.152,0.3323319507766875,5.21,159.6,66.46639015533749,251.20461742057122,0.0
135,representative_week_04,representative_week,1,135,638,2024-01-27T14:00:00,4,representative_scored,true,1,394.994907407407,0.154,0.28142711762699996,5.93,161.7,56.28542352539999,250.97926475036883,0.0
136,representative_week_04,representative_week,1,136,639,2024-01-27T15:00:00,4,representative_scored,true,1,393.409259259259,0.158,0.25100053567355,5.84,165.9,50.20010713471,250.1786082198272,0.0
137,representative_week_04,representative_week,1,137,640,2024-01-27T16:00:00,4,representative_scored,true,1,392.687037037037,0.165,0.14061057545395,5.97,173.25,28.12211509079,249.81392962489448,0.0
138,representative_week_04,representative_week,1,138,641,2024-01-27T17:00:00,4,representative_scored,true,1,371.005092592593,0.178,0.06871970287500001,5.44,186.89999999999998,13.743940575000002,238.86585742201683,0.0
139,representative_week_04,representative_week,1,139,642,2024-01-27T18:00:00,4,representative_scored,true,1,368.62037037037,0.18,0.0,5.01,189.0,0.0,237.66171675374784,0.0
140,representative_week_04,representative_week,1,140,643,2024-01-27T19:00:00,4,representative_scored,true,1,368.043055555556,0.153,0.0,4.55,160.65,0.0,237.37020764613206,0.0
141,representative_week_04,representative_week,1,141,644,2024-01-27T20:00:00,4,representative_scored,true,1,370.125462962963,0.126,0.0,4.34,132.3,0.0,238.4216975948549,0.0
142,representative_week_04,representative_week,1,142,645,2024-01-27T21:00:00,4,representative_scored,true,1,378.138425925926,0.106,0.0,4.24,111.3,0.0,242.46775985196868,0.0
143,representative_week_04,representative_week,1,143,646,2024-01-27T22:00:00,4,representative_scored,true,1,376.908333333333,0.083,0.0,4.25,87.15,0.0,241.84663739893222,0.0
144,representative_week_04,representative_week,1,144,647,2024-01-27T23:00:00,4,representative_scored,true,1,382.063888888889,0.068,0.0,4.08,71.4,0.0,244.44988152276068,0.0
145,representative_week_04,representative_week,1,145,648,2024-01-28T00:00:00,4,representative_scored,true,1,344.811111111111,0.055,0.0,3.93,57.75,0.0,225.63947907412884,0.0
146,representative_week_04,representative_week,1,146,649,2024-01-28T01:00:00,4,representative_scored,true,1,320.229166666667,0.048,0.0,3.63,50.4,0.0,213.2270820515978,0.0
147,representative_week_04,representative_week,1,147,650,2024-01-28T02:00:00,4,representative_scored,true,1,327.631018518519,0.035,0.0,3.16,36.75,0.0,216.96457011299924,0.0
148,representative_week_04,representative_week,1,148,651,2024-01-28T03:00:00,4,representative_scored,true,1,334.732407407407,0.047,0.0,1.76,49.35,0.0,220.55034252817492,0.0
149,representative_week_04,representative_week,1,149,652,2024-01-28T04:00:00,4,representative_scored,true,1,348.627777777778,0.056,0.0,1.46,58.800000000000004,0.0,227.56666518735096,0.0
150,representative_week_04,representative_week,1,150,653,2024-01-28T05:00:00,4,representative_scored,true,1,422.290740740741,0.05,0.0,0.99,52.5,0.0,264.76201172385953,0.0
151,representative_week_04,representative_week,1,151,654,2024-01-28T06:00:00,4,representative_scored,true,1,417.149537037037,0.047,0.0,0.51,49.35,0.0,262.1660144182638,0.0
152,representative_week_04,representative_week,1,152,655,2024-01-28T07:00:00,4,representative_scored,true,1,417.485648148148,0.054,0.0,-0.08,56.7,0.0,262.3357302259056,0.0
153,representative_week_04,representative_week,1,153,656,2024-01-28T08:00:00,4,representative_scored,true,1,395.027777777778,0.068,0.15753117187500001,0.14,71.4,31.506234375000002,250.99586230180512,0.0
154,representative_week_04,representative_week,1,154,657,2024-01-28T09:00:00,4,representative_scored,true,1,399.372222222222,0.046,0.38077308961418743,1.67,48.3,76.15461792283749,253.18954431132397,0.0
155,representative_week_04,representative_week,1,155,658,2024-01-28T10:00:00,4,representative_scored,true,1,399.436111111111,0.037,0.5767988924055875,4.19,38.85,115.35977848111749,253.22180434087585,0.0
156,representative_week_04,representative_week,1,156,659,2024-01-28T11:00:00,4,representative_scored,true,1,399.436111111111,0.05,0.6683469669583875,5.77,52.5,133.6693933916775,253.22180434087585,0.0
157,representative_week_04,representative_week,1,157,660,2024-01-28T12:00:00,4,representative_scored,true,1,390.033333333333,0.058,0.703197508963,6.78,60.900000000000006,140.63950179260002,248.47396955684624,0.0
158,representative_week_04,representative_week,1,158,661,2024-01-28T13:00:00,4,representative_scored,true,1,385.416203703704,0.059,0.6608624923959999,7.68,61.949999999999996,132.1724984792,246.1425980009074,0.0
159,representative_week_04,representative_week,1,159,662,2024-01-28T14:00:00,4,representative_scored,true,1,384.191203703704,0.051,0.5058339093495999,8.1,53.55,101.16678186991999,245.52404699950208,0.0
160,representative_week_04,representative_week,1,160,663,2024-01-28T15:00:00,4,representative_scored,true,1,371.416203703704,0.043,0.3481391948677875,8.0,45.15,69.6278389735575,239.07344369913238,0.0
161,representative_week_04,representative_week,1,161,664,2024-01-28T16:00:00,4,representative_scored,true,1,370.771759259259,0.034,0.24467586297098748,7.51,35.7,48.935172594197496,238.7480381836536,0.0
162,representative_week_04,representative_week,1,162,665,2024-01-28T17:00:00,4,representative_scored,true,1,363.946759259259,0.021,0.08034025081155,6.86,22.05,16.068050162309998,235.3018254615383,0.0
163,representative_week_04,representative_week,1,163,666,2024-01-28T18:00:00,4,representative_scored,true,1,368.465740740741,0.014,0.0,5.65,14.700000000000001,0.0,237.58363813149973,0.0
164,representative_week_04,representative_week,1,164,667,2024-01-28T19:00:00,4,representative_scored,true,1,369.473611111111,0.014,0.0,5.57,14.700000000000001,0.0,238.09255178609487,0.0
165,representative_week_04,representative_week,1,165,668,2024-01-28T20:00:00,4,representative_scored,true,1,368.268981481481,0.015,0.0,5.5,15.75,0.0,237.4842865912131,0.0
166,representative_week_04,representative_week,1,166,669,2024-01-28T21:00:00,4,representative_scored,true,1,368.85,0.013,0.0,5.23,13.649999999999999,0.0,237.7776658454703,0.0
167,representative_week_04,representative_week,1,167,670,2024-01-28T22:00:00,4,representative_scored,true,1,359.723611111111,0.012,0.0,5.1,12.6,0.0,233.16939075450162,0.0
168,representative_week_04,representative_week,1,168,671,2024-01-28T23:00:00,4,representative_scored,true,1,355.864814814815,0.035,0.0,4.69,36.75,0.0,231.22093172324207,0.0
169,representative_week_05,representative_week,2,1,672,2024-01-29T00:00:00,5,representative_scored,true,3,360.468518518519,0.121,0.0,4.09,127.05,0.0,233.54552399760888,0.0
170,representative_week_05,representative_week,2,2,673,2024-01-29T01:00:00,5,representative_scored,true,3,365.181944444444,0.27,0.0,3.73,283.5,0.0,235.92551936620538,0.0
171,representative_week_05,representative_week,2,3,674,2024-01-29T02:00:00,5,representative_scored,true,3,365.812962962963,0.38,0.0,3.7,399.0,0.0,236.24414560011166,0.0
172,representative_week_05,representative_week,2,4,675,2024-01-29T03:00:00,5,representative_scored,true,3,375.044444444444,0.407,0.0,2.57,427.34999999999997,0.0,240.90548610200938,0.0
173,representative_week_05,representative_week,2,5,676,2024-01-29T04:00:00,5,representative_scored,true,3,373.865277777778,0.431,0.0,2.69,452.55,0.0,240.3100781652828,0.0
174,representative_week_05,representative_week,2,6,677,2024-01-29T05:00:00,5,representative_scored,true,3,374.640740740741,0.406,0.0,2.56,426.3,0.0,240.70164011817548,0.0
175,representative_week_05,representative_week,2,7,678,2024-01-29T06:00:00,5,representative_scored,true,3,381.990277777778,0.351,0.0,2.26,368.54999999999995,0.0,244.4127123582772,0.0
176,representative_week_05,representative_week,2,8,679,2024-01-29T07:00:00,5,representative_scored,true,3,389.069907407407,0.297,0.0,2.19,311.84999999999997,0.0,247.98749766193907,0.0
177,representative_week_05,representative_week,2,9,680,2024-01-29T08:00:00,5,representative_scored,true,3,399.467592592593,0.246,0.10946756892508748,2.04,258.3,21.893513785017497,253.23770058732185,0.0
178,representative_week_05,representative_week,2,10,681,2024-01-29T09:00:00,5,representative_scored,true,3,389.585185185185,0.145,0.30426830200620003,2.73,152.25,60.853660401240006,248.2476818133239,0.0
179,representative_week_05,representative_week,2,11,682,2024-01-29T10:00:00,5,representative_scored,true,3,370.848611111111,0.045,0.3491162426479875,4.91,47.25,69.8232485295975,238.78684372644778,0.0
180,representative_week_05,representative_week,2,12,683,2024-01-29T11:00:00,5,representative_scored,true,3,369.343055555556,0.02,0.39877147929588747,6.43,21.0,79.75429585917749,238.0266291170112,0.0
181,representative_week_05,representative_week,2,13,684,2024-01-29T12:00:00,5,representative_scored,true,3,363.883796296296,0.011,0.5650780119691875,7.03,11.549999999999999,113.0156023938375,235.2700329686467,0.0
182,representative_week_05,representative_week,2,14,685,2024-01-29T13:00:00,5,representative_scored,true,3,369.273148148148,0.004,0.5188974637996875,8.08,4.2,103.7794927599375,237.99133009916798,0.0
183,representative_week_05,representative_week,2,15,686,2024-01-29T14:00:00,5,representative_scored,true,3,370.937037037037,0.001,0.60698413936755,8.61,1.05,121.39682787351,238.83149347749412,0.0
184,representative_week_05,representative_week,2,16,687,2024-01-29T15:00:00,5,representative_scored,true,3,376.183796296296,0.0,0.3426772405102,9.63,0.0,68.53544810204,241.48078996234898,0.0
185,representative_week_05,representative_week,2,17,688,2024-01-29T16:00:00,5,representative_scored,true,3,386.537037037037,0.001,0.2277653263977875,9.05,1.05,45.5530652795575,246.70855112804335,0.0
186,representative_week_05,representative_week,2,18,689,2024-01-29T17:00:00,5,representative_scored,true,3,374.633796296296,0.011,0.12290123023338749,8.32,11.549999999999999,24.580246046677498,240.6981335932239,0.0
187,representative_week_05,representative_week,2,19,690,2024-01-29T18:00:00,5,representative_scored,true,3,359.949074074074,0.034,0.0,7.08,35.7,0.0,233.28323593125313,0.0
188,representative_week_05,representative_week,2,20,691,2024-01-29T19:00:00,5,representative_scored,true,3,367.664351851852,0.048,0.0,5.04,50.4,0.0,237.17898515212227,0.0
189,representative_week_05,representative_week,2,21,692,2024-01-29T20:00:00,5,representative_scored,true,3,360.123148148148,0.05,0.0,6.31,52.5,0.0,233.37113282336506,0.0
190,representative_week_05,representative_week,2,22,693,2024-01-29T21:00:00,5,representative_scored,true,3,363.685648148148,0.063,0.0,6.24,66.15,0.0,235.16998012337035,0.0
191,representative_week_05,representative_week,2,23,694,2024-01-29T22:00:00,5,representative_scored,true,3,361.440740740741,0.079,0.0,5.86,82.95,0.0,234.03643749078762,0.0
192,representative_week_05,representative_week,2,24,695,2024-01-29T23:00:00,5,representative_scored,true,3,363.672685185185,0.105,0.0,5.01,110.25,0.0,235.16343461012792,0.0
193,representative_week_05,representative_week,2,25,696,2024-01-30T00:00:00,5,representative_scored,true,3,372.367592592593,0.114,0.0,4.2,119.7,0.0,239.55383761745742,0.0
194,representative_week_05,representative_week,2,26,697,2024-01-30T01:00:00,5,representative_scored,true,3,357.674537037037,0.141,0.0,2.58,148.04999999999998,0.0,232.13473212554476,0.0
195,representative_week_05,representative_week,2,27,698,2024-01-30T02:00:00,5,representative_scored,true,3,374.102314814815,0.203,0.0,1.84,213.15,0.0,240.42976755028639,0.0
196,representative_week_05,representative_week,2,28,699,2024-01-30T03:00:00,5,representative_scored,true,3,381.37962962963,0.237,0.0,4.07,248.85,0.0,244.10437193089498,0.0
197,representative_week_05,representative_week,2,29,700,2024-01-30T04:00:00,5,representative_scored,true,3,374.258333333333,0.271,0.0,4.36,284.55,0.0,240.5085474775248,0.0
198,representative_week_05,representative_week,2,30,701,2024-01-30T05:00:00,5,representative_scored,true,3,382.092592592593,0.325,0.0,4.35,341.25,0.0,244.46437515922617,0.0
199,representative_week_05,representative_week,2,31,702,2024-01-30T06:00:00,5,representative_scored,true,3,378.799537037037,0.391,0.0,4.23,410.55,0.0,242.8015810273302,0.0
200,representative_week_05,representative_week,2,32,703,2024-01-30T07:00:00,5,representative_scored,true,3,378.534259259259,0.449,0.0,4.03,471.45,0.0,242.6676317741913,14.117631774191295
201,representative_week_05,representative_week,2,33,704,2024-01-30T08:00:00,5,representative_scored,true,3,386.902777777778,0.525,0.022895347297987496,3.86,551.25,4.579069459597499,246.89322810881072,102.72229756840818
202,representative_week_05,representative_week,2,34,705,2024-01-30T09:00:00,5,representative_scored,true,3,376.534722222222,0.542,0.1154340860281875,4.08,569.1,23.0868172056375,241.65798635655355,133.84480356219115
203,representative_week_05,representative_week,2,35,706,2024-01-30T10:00:00,5,representative_scored,true,3,373.563425925926,0.483,0.09870337029498749,4.69,507.15,19.7406740589975,240.15766121406722,67.0483352730646
204,representative_week_05,representative_week,2,36,707,2024-01-30T11:00:00,5,representative_scored,true,3,380.296296296296,0.454,0.14896058411795,4.73,476.7,29.79211682359,243.55735403849536,50.0494708620854
205,representative_week_05,representative_week,2,37,708,2024-01-30T12:00:00,5,representative_scored,true,3,370.83287037037,0.488,0.19719243134358752,5.16,512.4,39.438486268717504,238.7788956032248,90.61738187194226
206,representative_week_05,representative_week,2,38,709,2024-01-30T13:00:00,5,representative_scored,true,3,376.8125,0.52,0.2198151060971875,5.49,546.0,43.9630212194375,241.79824735460477,131.76126857404222
207,representative_week_05,representative_week,2,39,710,2024-01-30T14:00:00,5,representative_scored,true,3,376.769907407407,0.556,0.14875092996395,5.72,583.8000000000001,29.75018599279,241.77674066823673,155.32692666102673
208,representative_week_05,representative_week,2,40,711,2024-01-30T15:00:00,5,representative_scored,true,3,367.124537037037,0.562,0.06456884903988751,4.87,590.1,12.913769807977502,236.90641127924286,139.92018108722039
209,representative_week_05,representative_week,2,41,712,2024-01-30T16:00:00,5,representative_scored,true,3,370.503703703704,0.501,0.039076594931487504,4.09,526.05,7.815318986297501,238.61268632053455,72.47800530683196
210,representative_week_05,representative_week,2,42,713,2024-01-30T17:00:00,5,representative_scored,true,3,350.627777777778,0.422,0.015308478287387498,3.57,443.09999999999997,3.0616956574774994,228.57654437331885,0.0
211,representative_week_05,representative_week,2,43,714,2024-01-30T18:00:00,5,representative_scored,true,3,316.573611111111,0.331,0.0,2.52,347.55,0.0,211.3812473172452,0.0
212,representative_week_05,representative_week,2,44,715,2024-01-30T19:00:00,5,representative_scored,true,3,305.82037037037,0.277,0.0,2.88,290.85,0.0,205.95151031435722,0.0
213,representative_week_05,representative_week,2,45,716,2024-01-30T20:00:00,5,representative_scored,true,3,323.321296296296,0.265,0.0,3.31,278.25,0.0,214.7884207282362,0.0
214,representative_week_05,representative_week,2,46,717,2024-01-30T21:00:00,5,representative_scored,true,3,343.323148148148,0.258,0.0,3.32,270.90000000000003,0.0,224.8881476612351,0.0
215,representative_week_05,representative_week,2,47,718,2024-01-30T22:00:00,5,representative_scored,true,3,369.177777777778,0.229,0.0,3.13,240.45000000000002,0.0,237.94317382317067,0.0
216,representative_week_05,representative_week,2,48,719,2024-01-30T23:00:00,5,representative_scored,true,3,350.220833333333,0.252,0.0,3.05,264.6,0.0,228.3710620111737,0.0
217,representative_week_05,representative_week,2,49,720,2024-01-31T00:00:00,5,representative_scored,true,3,363.059722222222,0.278,0.0,2.81,291.90000000000003,0.0,234.85392534109516,0.0
218,representative_week_05,representative_week,2,50,721,2024-01-31T01:00:00,5,representative_scored,true,3,356.029166666667,0.305,0.0,2.49,320.25,0.0,231.3039194804223,0.0
219,representative_week_05,representative_week,2,51,722,2024-01-31T02:00:00,5,representative_scored,true,3,359.046759259259,0.322,0.0,1.84,338.1,0.0,232.82762145591704,0.0
220,representative_week_05,representative_week,2,52,723,2024-01-31T03:00:00,5,representative_scored,true,3,359.202777777778,0.323,0.0,2.25,339.15000000000003,0.0,232.90640138315598,0.0
221,representative_week_05,representative_week,2,53,724,2024-01-31T04:00:00,5,representative_scored,true,3,358.065277777778,0.29,0.0,-0.11,304.5,0.0,232.33203259613677,0.0
222,representative_week_05,representative_week,2,54,725,2024-01-31T05:00:00,5,representative_scored,true,3,355.274074074074,0.214,0.0,-0.63,224.7,0.0,230.92264333405325,0.0
223,representative_week_05,representative_week,2,55,726,2024-01-31T06:00:00,5,representative_scored,true,3,358.008333333333,0.138,0.0,-0.48,144.9,0.0,232.30327909153598,0.0
224,representative_week_05,representative_week,2,56,727,2024-01-31T07:00:00,5,representative_scored,true,3,360.533333333333,0.115,0.0,-0.43,120.75,0.0,233.57825156382046,0.0
225,representative_week_05,representative_week,2,57,728,2024-01-31T08:00:00,5,representative_scored,true,3,384.699537037037,0.127,0.07712976387968751,-0.74,133.35,15.425952775937501,245.78072462593536,0.0
226,representative_week_05,representative_week,2,58,729,2024-01-31T09:00:00,5,representative_scored,true,3,366.512962962963,0.24,0.28293536934075,-0.17,252.0,56.58707386814999,236.59760331520044,0.0
227,representative_week_05,representative_week,2,59,730,2024-01-31T10:00:00,5,representative_scored,true,3,362.111111111111,0.395,0.50469507400275,1.44,414.75,100.93901480055001,234.37493403275073,50.06394883330074
228,representative_week_05,representative_week,2,60,731,2024-01-31T11:00:00,5,representative_scored,true,3,359.955555555556,0.501,0.5598989472397875,2.48,526.05,111.9797894479575,233.28650868787454,171.31629813583197
229,representative_week_05,representative_week,2,61,732,2024-01-31T12:00:00,5,representative_scored,true,3,356.874074074074,0.556,0.7963740342523875,2.98,583.8000000000001,159.2748068504775,231.73054668282748,274.80535353330504
230,representative_week_05,representative_week,2,62,733,2024-01-31T13:00:00,5,representative_scored,true,3,382.980555555556,0.612,0.8069195712346875,4.39,642.6,161.3839142469375,244.91274281632948,348.89665706326696
231,representative_week_05,representative_week,2,63,734,2024-01-31T14:00:00,5,representative_scored,true,3,389.287962962963,0.604,0.7364359183477874,5.2,634.1999999999999,147.2871836695575,248.0976025454094,329.5847862149667
232,representative_week_05,representative_week,2,64,735,2024-01-31T15:00:00,5,representative_scored,true,3,377.613888888889,0.506,0.6227468214927875,5.6,531.3,124.54936429855749,242.2029003339822,198.05226463253962
233,representative_week_05,representative_week,2,65,736,2024-01-31T16:00:00,5,representative_scored,true,3,383.57037037037,0.377,0.420597946284,5.66,395.85,84.1195892568,245.2105636688575,25.180152925657467
234,representative_week_05,representative_week,2,66,737,2024-01-31T17:00:00,5,representative_scored,true,3,375.601851851852,0.227,0.17462886946560005,5.2,238.35,34.92577389312001,241.18694317143218,0.0
235,representative_week_05,representative_week,2,67,738,2024-01-31T18:00:00,5,representative_scored,true,3,356.218055555556,0.116,0.0,4.21,121.80000000000001,0.0,231.39929695909714,0.0
236,representative_week_05,representative_week,2,68,739,2024-01-31T19:00:00,5,representative_scored,true,3,364.61712962963,0.054,0.0,3.51,56.7,0.0,235.6403220035019,0.0
237,representative_week_05,representative_week,2,69,740,2024-01-31T20:00:00,5,representative_scored,true,3,354.376851851852,0.043,0.0,2.57,45.15,0.0,230.46960031034834,0.0
238,representative_week_05,representative_week,2,70,741,2024-01-31T21:00:00,5,representative_scored,true,3,355.259722222222,0.085,0.0,2.25,89.25,0.0,230.91539651582053,0.0
239,representative_week_05,representative_week,2,71,742,2024-01-31T22:00:00,5,representative_scored,true,3,355.318981481481,0.21,0.0,0.17,220.5,0.0,230.9453188620713,0.0
240,representative_week_05,representative_week,2,72,743,2024-01-31T23:00:00,5,representative_scored,true,3,368.978240740741,0.403,0.0,-2.09,423.15000000000003,0.0,237.842419672904,0.0
241,representative_week_05,representative_week,2,73,744,2024-02-01T00:00:00,5,representative_scored,true,3,376.388888888889,0.577,0.0,-3.49,605.8499999999999,0.0,241.58434933257695,147.43434933257686
242,representative_week_05,representative_week,2,74,745,2024-02-01T01:00:00,5,representative_scored,true,3,362.622685185185,0.652,0.0,-4.28,684.6,0.0,234.63324803749484,219.23324803749483
243,representative_week_05,representative_week,2,75,746,2024-02-01T02:00:00,5,representative_scored,true,3,362.480555555556,0.66,0.0,-4.55,693.0,0.0,234.56148116015896,227.56148116015902
244,representative_week_05,representative_week,2,76,747,2024-02-01T03:00:00,5,representative_scored,true,3,354.47037037037,0.652,0.0,-3.9,684.6,0.0,230.5168215130253,215.11682151302534
245,representative_week_05,representative_week,2,77,748,2024-02-01T04:00:00,5,representative_scored,true,3,358.757407407407,0.655,0.0,-3.39,687.75,0.0,232.68151624961376,220.43151624961376
246,representative_week_05,representative_week,2,78,749,2024-02-01T05:00:00,5,representative_scored,true,3,360.508796296296,0.663,0.0,-2.71,696.1500000000001,0.0,233.56586184232594,229.71586184232604
247,representative_week_05,representative_week,2,79,750,2024-02-01T06:00:00,5,representative_scored,true,3,366.106018518519,0.709,0.0,-2.36,744.4499999999999,0.0,236.3921209530558,280.84212095305577
248,representative_week_05,representative_week,2,80,751,2024-02-01T07:00:00,5,representative_scored,true,3,362.364351851852,0.795,0.0,-1.77,834.75,0.0,234.50280530930743,369.2528053093074
249,representative_week_05,representative_week,2,81,752,2024-02-01T08:00:00,5,representative_scored,true,3,380.815740740741,0.807,0.20004821699874997,-1.71,847.35,40.00964339975,243.81964210485117,431.17928550460124
250,representative_week_05,representative_week,2,82,753,2024-02-01T09:00:00,5,representative_scored,true,3,377.704166666667,0.604,0.45237162374978757,-0.05,634.1999999999999,90.47432474995752,242.24848515834893,266.92280990830636
251,representative_week_05,representative_week,2,83,754,2024-02-01T10:00:00,5,representative_scored,true,3,333.231481481481,0.578,0.6498313169853875,2.57,606.9,129.9662633970775,219.79246560203882,256.6587289991162
252,representative_week_05,representative_week,2,84,755,2024-02-01T11:00:00,5,representative_scored,true,3,351.719444444444,0.826,0.7646136891456874,4.51,867.3,152.92273782913747,229.12777009565926,549.3505079247968
253,representative_week_05,representative_week,2,85,756,2024-02-01T12:00:00,5,representative_scored,true,3,379.784259259259,0.903,0.7922605794538875,6.23,948.15,158.4521158907775,243.29880626542123,649.9009221561987
254,representative_week_05,representative_week,2,86,757,2024-02-01T13:00:00,5,representative_scored,true,3,392.987962962963,0.917,0.7615029155668875,7.67,962.85,152.3005831133775,249.9658790394499,665.1164621528276
255,representative_week_05,representative_week,2,87,758,2024-02-01T14:00:00,5,representative_scored,true,3,391.894444444444,0.919,0.7302454010839999,8.63,964.95,146.04908021679998,249.41371824378854,660.4127984605884
256,representative_week_05,representative_week,2,88,759,2024-02-01T15:00:00,5,representative_scored,true,3,377.975462962963,0.922,0.5838074869198875,9.32,968.1,116.7614973839775,242.3854733997787,627.2469707837563
257,representative_week_05,representative_week,2,89,760,2024-02-01T16:00:00,5,representative_scored,true,3,366.132407407407,0.893,0.3847279229209875,9.31,937.65,76.9455845841975,236.4054457478702,551.0010303320678
258,representative_week_05,representative_week,2,90,761,2024-02-01T17:00:00,5,representative_scored,true,3,348.545833333333,0.889,0.14674461919179999,8.64,933.45,29.348923838359998,227.5252881929256,490.3242120312857
259,representative_week_05,representative_week,2,91,762,2024-02-01T18:00:00,5,representative_scored,true,3,355.597222222222,0.908,0.0,6.73,953.4,0.0,231.0858136284526,484.48581362845266
260,representative_week_05,representative_week,2,92,763,2024-02-01T19:00:00,5,representative_scored,true,3,356.02962962963,0.89,0.0,4.41,934.5,0.0,231.30415324875244,465.8041532487525
261,representative_week_05,representative_week,2,93,764,2024-02-01T20:00:00,5,representative_scored,true,3,367.037037037037,0.856,0.0,4.0,898.8,0.0,236.8622290648568,435.6622290648568
262,representative_week_05,representative_week,2,94,765,2024-02-01T21:00:00,5,representative_scored,true,3,395.975,0.862,0.0,4.19,905.1,0.0,251.47415230515927,456.57415230515926
263,representative_week_05,representative_week,2,95,766,2024-02-01T22:00:00,5,representative_scored,true,3,388.606944444444,0.843,0.0,2.98,885.15,0.0,247.75372933185386,432.9037293318538
264,representative_week_05,representative_week,2,96,767,2024-02-01T23:00:00,5,representative_scored,true,3,382.266203703704,0.848,0.0,0.51,890.4,0.0,244.55203828300802,434.95203828300805
265,representative_week_05,representative_week,2,97,768,2024-02-02T00:00:00,5,representative_scored,true,3,367.965277777778,0.838,0.0,-0.77,879.9,0.0,237.33093456667768,417.23093456667766
266,representative_week_05,representative_week,2,98,769,2024-02-02T01:00:00,5,representative_scored,true,3,364.229166666667,0.837,0.0,-1.48,878.8499999999999,0.0,235.44442414289054,414.2944241428904
267,representative_week_05,representative_week,2,99,770,2024-02-02T02:00:00,5,representative_scored,true,3,371.186111111111,0.831,0.0,-1.54,872.55,0.0,238.9572608390799,411.5072608390799
268,representative_week_05,representative_week,2,100,771,2024-02-02T03:00:00,5,representative_scored,true,3,373.840740740741,0.813,0.0,0.45,853.65,0.0,240.29768844378833,393.94768844378837
269,representative_week_05,representative_week,2,101,772,2024-02-02T04:00:00,5,representative_scored,true,3,361.881018518518,0.783,0.0,1.63,822.15,0.0,234.25875117269823,356.4087511726982
270,representative_week_05,representative_week,2,102,773,2024-02-02T05:00:00,5,representative_scored,true,3,364.877314814815,0.723,0.0,0.46,759.15,0.0,235.7716998050097,294.92169980500967
271,representative_week_05,representative_week,2,103,774,2024-02-02T06:00:00,5,representative_scored,true,3,379.414814814815,0.674,0.0,-0.28,707.7,0.0,243.11225913801348,250.8122591380136
272,representative_week_05,representative_week,2,104,775,2024-02-02T07:00:00,5,representative_scored,true,3,374.466203703704,0.668,0.0,-0.43,701.4000000000001,0.0,240.6135094577334,242.01350945773345
273,representative_week_05,representative_week,2,105,776,2024-02-02T08:00:00,5,representative_scored,true,3,382.839351851852,0.612,0.15889308831075,-1.03,642.6,31.778617662149998,244.8414434756533,219.22006113780344
274,representative_week_05,representative_week,2,106,777,2024-02-02T09:00:00,5,representative_scored,true,3,370.695833333333,0.455,0.33929710810514996,2.8,477.75,67.85942162103,238.70970017751955,84.31912179854965
275,representative_week_05,representative_week,2,107,778,2024-02-02T10:00:00,5,representative_scored,true,3,376.925462962963,0.694,0.53979482856875,5.32,728.6999999999999,107.95896571375,241.85528682714556,378.51425254089554
276,representative_week_05,representative_week,2,108,779,2024-02-02T11:00:00,5,representative_scored,true,3,352.648148148148,0.732,0.531627740432,8.39,768.6,106.3255480864,229.59670936581023,404.52225745221017
277,representative_week_05,representative_week,2,109,780,2024-02-02T12:00:00,5,representative_scored,true,3,386.149074074074,0.773,0.6148616874670875,8.9,811.65,122.9723374934175,246.51265326743197,481.1349907608494
278,representative_week_05,representative_week,2,110,781,2024-02-02T13:00:00,5,representative_scored,true,3,402.018518518519,0.839,0.68648621106875,9.28,880.9499999999999,137.29724221375,254.52576408609102,572.773006299841
279,representative_week_05,representative_week,2,111,782,2024-02-02T14:00:00,5,representative_scored,true,3,403.491666666667,0.905,0.6194805555494876,9.84,950.25,123.8961111098975,255.26961491242196,629.4157260223194
280,representative_week_05,representative_week,2,112,783,2024-02-02T15:00:00,5,representative_scored,true,3,416.961574074074,0.929,0.4944923662551501,9.34,975.45,98.89847325103001,262.0711044762492,636.4195777272794
281,representative_week_05,representative_week,2,113,784,2024-02-02T16:00:00,5,representative_scored,true,3,412.0875,0.925,0.32706181586515,9.3,971.25,65.41236317303,259.60999149711273,596.2723546701427
282,representative_week_05,representative_week,2,114,785,2024-02-02T17:00:00,5,representative_scored,true,3,375.391666666667,0.879,0.1317220428288,8.56,922.95,26.344408565760002,241.0808123495736,490.37522091533356
283,representative_week_05,representative_week,2,115,786,2024-02-02T18:00:00,5,representative_scored,true,3,350.182407407407,0.831,0.0,7.2,872.55,0.0,228.35165923977658,400.90165923977656
284,representative_week_05,representative_week,2,116,787,2024-02-02T19:00:00,5,representative_scored,true,3,351.644444444444,0.681,0.0,4.74,715.0500000000001,0.0,229.08989962618546,244.13989962618552
285,representative_week_05,representative_week,2,117,788,2024-02-02T20:00:00,5,representative_scored,true,3,344.572222222222,0.599,0.0,2.5,628.9499999999999,0.0,225.51885461580483,154.46885461580473
286,representative_week_05,representative_week,2,118,789,2024-02-02T21:00:00,5,representative_scored,true,3,346.259259259259,0.663,0.0,1.03,696.1500000000001,0.0,226.3707064106351,222.52070641063517
287,representative_week_05,representative_week,2,119,790,2024-02-02T22:00:00,5,representative_scored,true,3,350.397222222222,0.682,0.0,0.11,716.1,0.0,228.46012774493622,244.56012774493627
288,representative_week_05,representative_week,2,120,791,2024-02-02T23:00:00,5,representative_scored,true,3,347.779166666667,0.698,0.0,-0.42,732.9,0.0,227.13816783830492,260.03816783830484
289,representative_week_05,representative_week,2,121,792,2024-02-03T00:00:00,5,representative_scored,true,3,336.425,0.715,0.0,-0.39,750.75,0.0,221.40499954296646,272.1549995429665
290,representative_week_05,representative_week,2,122,793,2024-02-03T01:00:00,5,representative_scored,true,3,346.04212962963,0.652,0.0,-0.25,684.6,0.0,226.26106906382546,210.86106906382543
291,representative_week_05,representative_week,2,123,794,2024-02-03T02:00:00,5,representative_scored,true,3,344.325,0.609,0.0,-0.42,639.4499999999999,0.0,225.39402232753943,164.8440223275394
292,representative_week_05,representative_week,2,124,795,2024-02-03T03:00:00,5,representative_scored,true,3,346.626851851852,0.562,0.0,0.06,590.1,0.0,226.55631846472295,116.65631846472297
293,representative_week_05,representative_week,2,125,796,2024-02-03T04:00:00,5,representative_scored,true,3,324.426851851852,0.516,0.0,-0.52,541.8000000000001,0.0,215.34665950047975,57.146659500479814
294,representative_week_05,representative_week,2,126,797,2024-02-03T05:00:00,5,representative_scored,true,3,329.534722222222,0.466,0.0,-1.24,489.3,0.0,217.925825486309,7.225825486309077
295,representative_week_05,representative_week,2,127,798,2024-02-03T06:00:00,5,representative_scored,true,3,336.006481481482,0.423,0.0,-1.55,444.15,0.0,221.19367297256974,0.0
296,representative_week_05,representative_week,2,128,799,2024-02-03T07:00:00,5,representative_scored,true,3,341.136111111111,0.445,0.0,-1.34,467.25,0.0,223.7838260699129,0.0
297,representative_week_05,representative_week,2,129,800,2024-02-03T08:00:00,5,representative_scored,true,3,354.060185185185,0.453,0.1828657539128875,-1.38,475.65000000000003,36.5731507825775,230.30970277256992,42.532853555147426
298,representative_week_05,representative_week,2,130,801,2024-02-03T09:00:00,5,representative_scored,true,3,355.553240740741,0.383,0.44199997357900006,1.11,402.15000000000003,88.3999947158,231.06360563709475,21.613600352894764
299,representative_week_05,representative_week,2,131,802,2024-02-03T10:00:00,5,representative_scored,true,3,357.541203703704,0.564,0.6294022652630875,4.65,592.1999999999999,125.8804530526175,232.06740684648042,250.14785989909774
300,representative_week_05,representative_week,2,132,803,2024-02-03T11:00:00,5,representative_scored,true,3,358.038425925926,0.736,0.7515604967479874,6.29,772.8,150.31209934959747,232.3184740329918,455.4305733825893
301,representative_week_05,representative_week,2,133,804,2024-02-03T12:00:00,5,representative_scored,true,3,357.519444444444,0.819,0.8101648399614001,7.1,859.9499999999999,162.03296799228002,232.05641973496603,554.0393877272459
302,representative_week_05,representative_week,2,134,805,2024-02-03T13:00:00,5,representative_scored,true,3,360.67037037037,0.834,0.8031349403515876,7.99,875.6999999999999,160.6269880703175,233.6474469895256,569.974435059843
303,representative_week_05,representative_week,2,135,806,2024-02-03T14:00:00,5,representative_scored,true,3,369.773611111111,0.814,0.7312110613376,8.6,854.6999999999999,146.24221226752002,238.24403366399008,539.18624593151
304,representative_week_05,representative_week,2,136,807,2024-02-03T15:00:00,5,representative_scored,true,3,384.391666666667,0.756,0.5990063121085876,9.16,793.8,119.80126242171751,245.62526868642894,459.2265311081462
305,representative_week_05,representative_week,2,137,808,2024-02-03T16:00:00,5,representative_scored,true,3,374.033333333333,0.635,0.41016792142558745,9.15,666.75,82.03358428511748,240.39493606910344,289.17852035422095
306,representative_week_05,representative_week,2,138,809,2024-02-03T17:00:00,5,representative_scored,true,3,346.262037037037,0.464,0.1821992867218875,8.63,487.20000000000005,36.4398573443775,226.3721090206157,50.011966364993214
307,representative_week_05,representative_week,2,139,810,2024-02-03T18:00:00,5,representative_scored,true,3,323.380555555556,0.345,0.0,7.55,362.25,0.0,214.81834307448744,0.0
308,representative_week_05,representative_week,2,140,811,2024-02-03T19:00:00,5,representative_scored,true,3,319.976388888889,0.221,0.0,6.79,232.05,0.0,213.0994445433712,0.0
309,representative_week_05,representative_week,2,141,812,2024-02-03T20:00:00,5,representative_scored,true,3,337.428240740741,0.149,0.0,4.35,156.45,0.0,221.91157551426107,0.0
310,representative_week_05,representative_week,2,142,813,2024-02-03T21:00:00,5,representative_scored,true,3,341.112037037037,0.187,0.0,3.37,196.35,0.0,223.77167011674848,0.0
311,representative_week_05,representative_week,2,143,814,2024-02-03T22:00:00,5,representative_scored,true,3,336.143055555556,0.395,0.0,1.83,414.75,0.0,221.26263462994478,0.0
312,representative_week_05,representative_week,2,144,815,2024-02-03T23:00:00,5,representative_scored,true,3,332.142592592593,0.675,0.0,1.5,708.75,0.0,219.24264248967904,227.99264248967904
313,representative_week_05,representative_week,2,145,816,2024-02-04T00:00:00,5,representative_scored,true,3,320.579166666667,0.839,0.0,-0.32,880.9499999999999,0.0,213.40381090914215,394.3538109091421
314,representative_week_05,representative_week,2,146,817,2024-02-04T01:00:00,5,representative_scored,true,3,323.569444444444,0.907,0.0,-0.67,952.35,0.0,214.9137205531617,467.26372055316165
315,representative_week_05,representative_week,2,147,818,2024-02-04T02:00:00,5,representative_scored,true,3,323.927314814815,0.929,0.0,-0.72,975.45,0.0,215.09442347231789,490.54442347231793
316,representative_week_05,representative_week,2,148,819,2024-02-04T03:00:00,5,representative_scored,true,3,323.258333333333,0.937,0.0,-0.68,983.85,0.0,214.75662823534455,498.6066282353445
317,representative_week_05,representative_week,2,149,820,2024-02-04T04:00:00,5,representative_scored,true,3,321.35462962963,0.941,0.0,-1.95,988.05,0.0,213.79537286203478,501.84537286203476
318,representative_week_05,representative_week,2,150,821,2024-02-04T05:00:00,5,representative_scored,true,3,321.750462962963,0.937,0.0,-1.76,983.85,0.0,213.99524478425747,497.8452447842574
319,representative_week_05,representative_week,2,151,822,2024-02-04T06:00:00,5,representative_scored,true,3,330.891666666667,0.935,0.0,-2.43,981.75,0.0,218.61100046178888,500.361000461789
320,representative_week_05,representative_week,2,152,823,2024-02-04T07:00:00,5,representative_scored,true,3,340.297222222222,0.931,0.0,-2.5,977.5500000000001,0.0,223.36023785579854,500.91023785579864
321,representative_week_05,representative_week,2,153,824,2024-02-04T08:00:00,5,representative_scored,true,3,357.789814814815,0.873,0.09307563470275,-2.22,916.65,18.61512694055,232.19294043973608,467.45806738028614
322,representative_week_05,representative_week,2,154,825,2024-02-04T09:00:00,5,representative_scored,true,3,373.568518518518,0.638,0.20765936180555003,1.21,669.9,41.531872361110004,240.16023266569786,251.59210502680787
323,representative_week_05,representative_week,2,155,826,2024-02-04T10:00:00,5,representative_scored,true,3,374.278240740741,0.383,0.49046742145748745,4.69,402.15000000000003,98.09348429149749,240.51859951571876,40.7620838072163
324,representative_week_05,representative_week,2,156,827,2024-02-04T11:00:00,5,representative_scored,true,3,367.552777777778,0.426,0.7038000613152,9.27,447.3,140.76001226304,237.12264698457176,125.18265924761181
325,representative_week_05,representative_week,2,157,828,2024-02-04T12:00:00,5,representative_scored,true,3,362.140740740741,0.297,0.7915798058592001,10.58,311.84999999999997,158.31596117184,234.38989520587637,4.555856377716282
326,representative_week_05,representative_week,2,158,829,2024-02-04T13:00:00,5,representative_scored,true,3,363.840277777778,0.213,0.7880769840632,11.62,223.65,157.61539681264,235.24805874561898,0.0
327,representative_week_05,representative_week,2,159,830,2024-02-04T14:00:00,5,representative_scored,true,3,363.636111111111,0.242,0.7140871431451876,12.41,254.1,142.81742862903752,235.14496691205122,0.0
328,representative_week_05,representative_week,2,160,831,2024-02-04T15:00:00,5,representative_scored,true,3,361.964814814815,0.387,0.5817657116160874,13.3,406.35,116.35314232321747,234.30106324044397,57.00420556366157
329,representative_week_05,representative_week,2,161,832,2024-02-04T16:00:00,5,representative_scored,true,3,358.093981481481,0.526,0.39991882888515,13.34,552.3000000000001,79.98376577703,232.3465262326017,164.63029200963183
330,representative_week_05,representative_week,2,162,833,2024-02-04T17:00:00,5,representative_scored,true,3,359.964351851852,0.635,0.1780062639321875,12.52,666.75,35.6012527864375,233.29095028614603,235.64220307258347
331,representative_week_05,representative_week,2,163,834,2024-02-04T18:00:00,5,representative_scored,true,3,362.101388888889,0.616,0.0,10.74,646.8,0.0,234.37002489781904,181.17002489781896
332,representative_week_05,representative_week,2,164,835,2024-02-04T19:00:00,5,representative_scored,true,3,351.284722222222,0.572,0.0,8.69,600.5999999999999,0.0,228.90826163370943,129.50826163370937
333,representative_week_05,representative_week,2,165,836,2024-02-04T20:00:00,5,representative_scored,true,3,340.971296296296,0.533,0.0,9.11,559.65,0.0,223.70060454440244,83.35060454440236
334,representative_week_05,representative_week,2,166,837,2024-02-04T21:00:00,5,representative_scored,true,3,338.778240740741,0.494,0.0,4.53,518.7,0.0,222.5932439647894,41.29324396478944
335,representative_week_05,representative_week,2,167,838,2024-02-04T22:00:00,5,representative_scored,true,3,326.899537037037,0.473,0.0,0.94,496.65,0.0,216.59521615146446,13.245216151464433
336,representative_week_05,representative_week,2,168,839,2024-02-04T23:00:00,5,representative_scored,true,3,328.534722222222,0.431,0.0,-0.47,452.55,0.0,217.42088589332508,0.0
337,representative_week_08,representative_week,3,1,1176,2024-02-19T00:00:00,8,representative_scored,true,10,274.869444444444,0.051,0.0,-0.01,53.55,0.0,190.32316237484454,0.0
338,representative_week_08,representative_week,3,2,1177,2024-02-19T01:00:00,8,representative_scored,true,10,275.375462962963,0.062,0.0,-0.83,65.1,0.0,190.57867115962785,0.0
339,representative_week_08,representative_week,3,3,1178,2024-02-19T02:00:00,8,representative_scored,true,10,260.600462962963,0.07,0.0,-1.82,73.5,0.0,183.11818867329035,0.0
340,representative_week_08,representative_week,3,4,1179,2024-02-19T03:00:00,8,representative_scored,true,10,263.574074074074,0.083,0.0,-0.85,87.15,0.0,184.61968265742718,0.0
341,representative_week_08,representative_week,3,5,1180,2024-02-19T04:00:00,8,representative_scored,true,10,263.847685185185,0.078,0.0,-0.85,81.9,0.0,184.75783974050748,0.0
342,representative_week_08,representative_week,3,6,1181,2024-02-19T05:00:00,8,representative_scored,true,10,265.443055555556,0.046,0.0,-0.78,48.3,0.0,185.5634054059812,0.0
343,representative_week_08,representative_week,3,7,1182,2024-02-19T06:00:00,8,representative_scored,true,10,265.755555555556,0.018,0.0,-0.54,18.9,0.0,185.72119902878867,0.0
344,representative_week_08,representative_week,3,8,1183,2024-02-19T07:00:00,8,representative_scored,true,10,280.166203703704,0.01,0.0,-0.3,10.5,0.0,192.99770583934912,0.0
345,representative_week_08,representative_week,3,9,1184,2024-02-19T08:00:00,8,representative_scored,true,10,315.692592592593,0.016,0.1782363775248875,-0.02,16.8,35.6472755049775,210.93638618509343,0.0
346,representative_week_08,representative_week,3,10,1185,2024-02-19T09:00:00,8,representative_scored,true,10,282.514351851852,0.011,0.43444742193798747,1.21,11.549999999999999,86.88948438759749,194.18337880954093,0.0
347,representative_week_08,representative_week,3,11,1186,2024-02-19T10:00:00,8,representative_scored,true,10,236.301388888889,0.005,0.6403240737754875,3.41,5.25,128.0648147550975,170.84862410044113,0.0
348,representative_week_08,representative_week,3,12,1187,2024-02-19T11:00:00,8,representative_scored,true,10,238.199074074074,0.006,0.7152556946761874,4.99,6.3,143.05113893523747,171.80684048546007,0.0
349,representative_week_08,representative_week,3,13,1188,2024-02-19T12:00:00,8,representative_scored,true,10,261.776851851852,0.007,0.79600767373155,6.11,7.3500000000000005,159.20153474631002,183.71219400003673,0.0
350,representative_week_08,representative_week,3,14,1189,2024-02-19T13:00:00,8,representative_scored,true,10,265.046296296296,0.007,0.8009680560532876,7.3,7.3500000000000005,160.1936112106575,185.36306594709788,0.0
351,representative_week_08,representative_week,3,15,1190,2024-02-19T14:00:00,8,representative_scored,true,10,260.799074074074,0.005,0.68753883682715,8.2,5.25,137.50776736543,183.2184752868968,0.0
352,representative_week_08,representative_week,3,16,1191,2024-02-19T15:00:00,8,representative_scored,true,10,316.589814814815,0.006,0.46661873335268744,7.94,6.3,93.32374667053749,211.38942920879828,0.0
353,representative_week_08,representative_week,3,17,1192,2024-02-19T16:00:00,8,representative_scored,true,10,289.74212962963,0.014,0.39270886279998746,7.51,14.700000000000001,78.5417725599975,197.83296997883042,0.0
354,representative_week_08,representative_week,3,18,1193,2024-02-19T17:00:00,8,representative_scored,true,10,294.486111111111,0.069,0.17639166142515003,6.95,72.45,35.278332285030004,200.2283940572127,0.0
355,representative_week_08,representative_week,3,19,1194,2024-02-19T18:00:00,8,representative_scored,true,10,291.399074074074,0.204,0.00740197589275,5.49,214.2,1.48039517855,198.66962683220495,0.0
356,representative_week_08,representative_week,3,20,1195,2024-02-19T19:00:00,8,representative_scored,true,10,296.527777777778,0.322,0.0,4.59,338.1,0.0,201.25931239288838,0.0
357,representative_week_08,representative_week,3,21,1196,2024-02-19T20:00:00,8,representative_scored,true,10,294.361574074074,0.38,0.0,4.63,399.0,0.0,200.16551037641983,0.0
358,representative_week_08,representative_week,3,22,1197,2024-02-19T21:00:00,8,representative_scored,true,10,309.433796296296,0.406,0.0,4.68,426.3,0.0,207.77607213067188,0.0
359,representative_week_08,representative_week,3,23,1198,2024-02-19T22:00:00,8,representative_scored,true,10,300.288888888889,0.444,0.0,4.69,466.2,0.0,203.1584463065001,0.0
360,representative_week_08,representative_week,3,24,1199,2024-02-19T23:00:00,8,representative_scored,true,10,295.113425925926,0.493,0.0,4.63,517.65,0.0,200.5451501444782,18.195150144478248
361,representative_week_08,representative_week,3,25,1200,2024-02-20T00:00:00,8,representative_scored,true,10,292.489814814815,0.505,0.0,4.45,530.25,0.0,199.2203850178857,29.470385017885746
362,representative_week_08,representative_week,3,26,1201,2024-02-20T01:00:00,8,representative_scored,true,10,289.673611111111,0.463,0.0,4.11,486.15000000000003,0.0,197.79837226597755,0.0
363,representative_week_08,representative_week,3,27,1202,2024-02-20T02:00:00,8,representative_scored,true,10,291.226388888889,0.413,0.0,3.8,433.65,0.0,198.58243124508326,0.0
364,representative_week_08,representative_week,3,28,1203,2024-02-20T03:00:00,8,representative_scored,true,10,292.297685185185,0.387,0.0,1.21,406.35,0.0,199.12337116090015,0.0
365,representative_week_08,representative_week,3,29,1204,2024-02-20T04:00:00,8,representative_scored,true,10,285.716666666667,0.389,0.0,1.17,408.45,0.0,195.80035434873997,0.0
366,representative_week_08,representative_week,3,30,1205,2024-02-20T05:00:00,8,representative_scored,true,10,284.697685185185,0.391,0.0,1.18,410.55,0.0,195.28583025422233,0.0
367,representative_week_08,representative_week,3,31,1206,2024-02-20T06:00:00,8,representative_scored,true,10,286.173611111111,0.405,0.0,1.05,425.25,0.0,196.0310836905338,0.0
368,representative_week_08,representative_week,3,32,1207,2024-02-20T07:00:00,8,representative_scored,true,10,291.32037037037,0.434,0.0,0.6,455.7,0.0,198.62988621609028,0.0
369,representative_week_08,representative_week,3,33,1208,2024-02-20T08:00:00,8,representative_scored,true,10,311.203703703704,0.373,0.15100271594388748,0.83,391.65,30.200543188777495,208.6697684565877,0.0
370,representative_week_08,representative_week,3,34,1209,2024-02-20T09:00:00,8,representative_scored,true,10,326.747222222222,0.218,0.30190432897520003,2.27,228.9,60.38086579504001,216.5183063708663,0.0
371,representative_week_08,representative_week,3,35,1210,2024-02-20T10:00:00,8,representative_scored,true,10,338.935648148148,0.295,0.3473532586396875,4.0,309.75,69.47065172793751,222.67272519701814,0.0
372,representative_week_08,representative_week,3,36,1211,2024-02-20T11:00:00,8,representative_scored,true,10,331.186574074074,0.302,0.5066523292439999,4.81,317.09999999999997,101.33046584879999,218.75991088805287,0.0
373,representative_week_08,representative_week,3,37,1212,2024-02-20T12:00:00,8,representative_scored,true,10,327.479166666667,0.317,0.6279413830303501,6.08,332.85,125.58827660607001,216.88789410073124,0.0
374,representative_week_08,representative_week,3,38,1213,2024-02-20T13:00:00,8,representative_scored,true,10,327.288888888889,0.338,0.6387569838394875,7.26,354.90000000000003,127.7513967678975,216.79181531706612,0.0
375,representative_week_08,representative_week,3,39,1214,2024-02-20T14:00:00,8,representative_scored,true,10,325.362962962963,0.35,0.46329434850618745,8.09,367.5,92.65886970123749,215.8193390639119,0.0
376,representative_week_08,representative_week,3,40,1215,2024-02-20T15:00:00,8,representative_scored,true,10,322.536574074074,0.345,0.26916761284595,7.67,362.25,53.833522569189995,214.39218340874197,0.0
377,representative_week_08,representative_week,3,41,1216,2024-02-20T16:00:00,8,representative_scored,true,10,323.977777777778,0.335,0.225657810107,7.24,351.75,45.1315620214,215.1199042202972,0.0
378,representative_week_08,representative_week,3,42,1217,2024-02-20T17:00:00,8,representative_scored,true,10,334.171296296296,0.347,0.09883642250748749,7.06,364.34999999999997,19.7672845014975,220.26701531211177,0.0
379,representative_week_08,representative_week,3,43,1218,2024-02-20T18:00:00,8,representative_scored,true,10,334.644907407407,0.411,0.0062897762750875,6.15,431.54999999999995,1.2579552550175,220.50616031378883,0.0
380,representative_week_08,representative_week,3,44,1219,2024-02-20T19:00:00,8,representative_scored,true,10,328.120833333333,0.479,0.0,5.0,502.95,0.0,217.2118970062289,20.161897006228855
381,representative_week_08,representative_week,3,45,1220,2024-02-20T20:00:00,8,representative_scored,true,10,325.756018518518,0.513,0.0,3.5,538.65,0.0,216.01780837615388,54.66780837615386
382,representative_week_08,representative_week,3,46,1221,2024-02-20T21:00:00,8,representative_scored,true,10,338.547222222222,0.502,0.0,4.38,527.1,0.0,222.47659356807662,49.576593568076646
383,representative_week_08,representative_week,3,47,1222,2024-02-20T22:00:00,8,representative_scored,true,10,328.065277777778,0.466,0.0,5.1,489.3,0.0,217.18384480661902,6.483844806619004
384,representative_week_08,representative_week,3,48,1223,2024-02-20T23:00:00,8,representative_scored,true,10,313.697222222222,0.455,0.0,4.77,477.75,0.0,209.92884468242607,0.0
385,representative_week_08,representative_week,3,49,1224,2024-02-21T00:00:00,8,representative_scored,true,10,307.865740740741,0.47,0.0,4.47,493.5,0.0,206.98429879667376,0.4842987966737837
386,representative_week_08,representative_week,3,50,1225,2024-02-21T01:00:00,8,representative_scored,true,10,308.609259259259,0.46,0.0,4.25,483.0,0.0,207.35973073479022,0.0
387,representative_week_08,representative_week,3,51,1226,2024-02-21T02:00:00,8,representative_scored,true,10,316.211111111111,0.452,0.0,3.93,474.6,0.0,211.1982067147885,0.0
388,representative_week_08,representative_week,3,52,1227,2024-02-21T03:00:00,8,representative_scored,true,10,322.591203703704,0.455,0.0,3.31,477.75,0.0,214.41976807169218,0.0
389,representative_week_08,representative_week,3,53,1228,2024-02-21T04:00:00,8,representative_scored,true,10,323.247685185185,0.441,0.0,3.12,463.05,0.0,214.75125156375267,0.0
390,representative_week_08,representative_week,3,54,1229,2024-02-21T05:00:00,8,representative_scored,true,10,324.113425925926,0.392,0.0,3.13,411.6,0.0,215.18839834101203,0.0
391,representative_week_08,representative_week,3,55,1230,2024-02-21T06:00:00,8,representative_scored,true,10,321.677314814815,0.311,0.0,3.28,326.55,0.0,213.95830938810403,0.0
392,representative_week_08,representative_week,3,56,1231,2024-02-21T07:00:00,8,representative_scored,true,10,331.038888888889,0.257,0.0,3.21,269.85,0.0,218.68533879075585,0.0
393,representative_week_08,representative_week,3,57,1232,2024-02-21T08:00:00,8,representative_scored,true,10,367.793981481482,0.181,0.049740403329399996,3.15,190.04999999999998,9.94808066588,237.24444028454627,0.0
394,representative_week_08,representative_week,3,58,1233,2024-02-21T09:00:00,8,representative_scored,true,10,359.070833333333,0.06,0.17434690165260003,3.1,63.0,34.86938033052,232.83977740908142,0.0
395,representative_week_08,representative_week,3,59,1234,2024-02-21T10:00:00,8,representative_scored,true,10,354.560185185185,0.095,0.21880202643688745,3.63,99.75,43.76040528737749,230.5621725690619,0.0
396,representative_week_08,representative_week,3,60,1235,2024-02-21T11:00:00,8,representative_scored,true,10,349.956481481481,0.232,0.22756370103608756,4.16,243.60000000000002,45.51274020721751,228.237580294695,0.0
397,representative_week_08,representative_week,3,61,1236,2024-02-21T12:00:00,8,representative_scored,true,10,340.969907407407,0.32,0.28820574849228753,4.45,336.0,57.641149698457504,223.69990323941218,0.0
398,representative_week_08,representative_week,3,62,1237,2024-02-21T13:00:00,8,representative_scored,true,10,335.830092592593,0.33,0.24656535054978748,5.1,346.5,49.31307010995749,221.1046072388072,0.0
399,representative_week_08,representative_week,3,63,1238,2024-02-21T14:00:00,8,representative_scored,true,10,341.956944444444,0.297,0.156580045587,5.42,311.84999999999997,31.3160091174,224.1982973191537,0.0
400,representative_week_08,representative_week,3,64,1239,2024-02-21T15:00:00,8,representative_scored,true,10,337.862037037037,0.271,0.1250505543438,3.44,284.55,25.01011086876,222.13061643955072,0.0
401,representative_week_08,representative_week,3,65,1240,2024-02-21T16:00:00,8,representative_scored,true,10,336.009259259259,0.279,0.11982766565108749,3.34,292.95000000000005,23.965533130217498,221.19507558254983,0.0
402,representative_week_08,representative_week,3,66,1241,2024-02-21T17:00:00,8,representative_scored,true,10,336.581018518519,0.287,0.0422103021173875,3.42,301.34999999999997,8.4420604234775,221.48377947020538,0.0
403,representative_week_08,representative_week,3,67,1242,2024-02-21T18:00:00,8,representative_scored,true,10,321.6875,0.284,0.005997174748600001,3.0,298.2,1.19943494972,213.96345229136585,0.0
404,representative_week_08,representative_week,3,68,1243,2024-02-21T19:00:00,8,representative_scored,true,10,341.230555555556,0.268,0.0,2.45,281.40000000000003,0.0,223.83151480925056,0.0
405,representative_week_08,representative_week,3,69,1244,2024-02-21T20:00:00,8,representative_scored,true,10,342.915277777778,0.278,0.0,2.09,291.90000000000003,0.0,224.68219776243026,0.0
406,representative_week_08,representative_week,3,70,1245,2024-02-21T21:00:00,8,representative_scored,true,10,329.261574074074,0.332,0.0,2.44,348.6,0.0,217.78790217155887,0.0
407,representative_week_08,representative_week,3,71,1246,2024-02-21T22:00:00,8,representative_scored,true,10,329.312962962963,0.407,0.0,2.58,427.34999999999997,0.0,217.8138504561984,0.0
408,representative_week_08,representative_week,3,72,1247,2024-02-21T23:00:00,8,representative_scored,true,10,339.889351851852,0.507,0.0,2.7,532.35,0.0,223.1542879569937,55.50428795699372
409,representative_week_08,representative_week,3,73,1248,2024-02-22T00:00:00,8,representative_scored,true,10,340.654166666667,0.563,0.0,2.46,591.15,0.0,223.54047323829445,114.69047323829443
410,representative_week_08,representative_week,3,74,1249,2024-02-22T01:00:00,8,representative_scored,true,10,341.734722222222,0.569,0.0,2.3,597.4499999999999,0.0,224.0860885207129,121.53608852071284
411,representative_week_08,representative_week,3,75,1250,2024-02-22T02:00:00,8,representative_scored,true,10,338.552777777778,0.545,0.0,2.05,572.25,0.0,222.47939878803794,94.729398788038
412,representative_week_08,representative_week,3,76,1251,2024-02-22T03:00:00,8,representative_scored,true,10,339.279166666667,0.482,0.0,1.21,506.09999999999997,0.0,222.8461812979416,28.94618129794162
413,representative_week_08,representative_week,3,77,1252,2024-02-22T04:00:00,8,representative_scored,true,10,338.02037037037,0.367,0.0,1.09,385.34999999999997,0.0,222.21056520843968,0.0
414,representative_week_08,representative_week,3,78,1253,2024-02-22T05:00:00,8,representative_scored,true,10,348.590740740741,0.225,0.0,0.89,236.25,0.0,227.54796372094418,0.0
415,representative_week_08,representative_week,3,79,1254,2024-02-22T06:00:00,8,representative_scored,true,10,351.410648148148,0.123,0.0,0.85,129.15,0.0,228.97184661949262,0.0
416,representative_week_08,representative_week,3,80,1255,2024-02-22T07:00:00,8,representative_scored,true,10,357.107407407407,0.07,0.0,0.78,73.5,0.0,231.84836592119026,0.0
417,representative_week_08,representative_week,3,81,1256,2024-02-22T08:00:00,8,representative_scored,true,10,373.215277777778,0.028,0.1742788364521875,1.18,29.400000000000002,34.8557672904375,239.98186742984325,0.0
418,representative_week_08,representative_week,3,82,1257,2024-02-22T09:00:00,8,representative_scored,true,10,378.523148148148,0.008,0.4121511478906876,2.71,8.4,82.43022957813751,242.66202133426933,0.0
419,representative_week_08,representative_week,3,83,1258,2024-02-22T10:00:00,8,representative_scored,true,10,369.363888888889,0.029,0.5755285818427499,4.78,30.450000000000003,115.10571636854998,238.03714869186481,0.0
420,representative_week_08,representative_week,3,84,1259,2024-02-22T11:00:00,8,representative_scored,true,10,343.818518518518,0.072,0.6821049658776,6.35,75.6,136.42099317551998,225.13827977442602,0.0
421,representative_week_08,representative_week,3,85,1260,2024-02-22T12:00:00,8,representative_scored,true,10,322.903703703704,0.078,0.609130352235,7.76,81.9,121.826070447,214.5775616944997,0.0
422,representative_week_08,representative_week,3,86,1261,2024-02-22T13:00:00,8,representative_scored,true,10,344.736574074074,0.06,0.5525114796566876,8.73,63.0,110.50229593133751,225.60184237298512,0.0
423,representative_week_08,representative_week,3,87,1262,2024-02-22T14:00:00,8,representative_scored,true,10,397.567592592593,0.041,0.5618349612829875,9.41,43.050000000000004,112.3669922565975,252.27831536065239,0.0
424,representative_week_08,representative_week,3,88,1263,2024-02-22T15:00:00,8,representative_scored,true,10,400.387962962963,0.034,0.2914286526421875,9.42,35.7,58.2857305284375,253.70243202753096,0.0
425,representative_week_08,representative_week,3,89,1264,2024-02-22T16:00:00,8,representative_scored,true,10,379.212962962963,0.034,0.1607476210911875,9.16,35.7,32.1495242182375,243.0103361460963,0.0
426,representative_week_08,representative_week,3,90,1265,2024-02-22T17:00:00,8,representative_scored,true,10,318.597685185185,0.046,0.11441660820480001,7.91,48.3,22.883321640960002,212.4032824563774,0.0
427,representative_week_08,representative_week,3,91,1266,2024-02-22T18:00:00,8,representative_scored,true,10,310.926388888889,0.066,0.0078384207031875,7.36,69.3,1.5676841406375,208.5297412268666,0.0
428,representative_week_08,representative_week,3,92,1267,2024-02-22T19:00:00,8,representative_scored,true,10,303.780092592593,0.093,0.0,6.97,97.65,0.0,204.9212932836724,0.0
429,representative_week_08,representative_week,3,93,1268,2024-02-22T20:00:00,8,representative_scored,true,10,304.802777777778,0.118,0.0,6.72,123.89999999999999,0.0,205.4376875248304,0.0
430,representative_week_08,representative_week,3,94,1269,2024-02-22T21:00:00,8,representative_scored,true,10,339.599074074074,0.132,0.0,6.55,138.6,0.0,223.0077152140302,0.0
431,representative_week_08,representative_week,3,95,1270,2024-02-22T22:00:00,8,representative_scored,true,10,319.073148148148,0.136,0.0,6.34,142.8,0.0,212.6433625313749,0.0
432,representative_week_08,representative_week,3,96,1271,2024-02-22T23:00:00,8,representative_scored,true,10,299.81712962963,0.138,0.0,6.0,144.9,0.0,202.92023637814347,0.0
433,representative_week_08,representative_week,3,97,1272,2024-02-23T00:00:00,8,representative_scored,true,10,309.787962962963,0.126,0.0,5.53,132.3,0.0,207.95490490318718,0.0
434,representative_week_08,representative_week,3,98,1273,2024-02-23T01:00:00,8,representative_scored,true,10,352.538425925926,0.118,0.0,4.51,123.89999999999999,0.0,229.54130627158017,0.0
435,representative_week_08,representative_week,3,99,1274,2024-02-23T02:00:00,8,representative_scored,true,10,361.39537037037,0.135,0.0,1.69,141.75,0.0,234.01352819443898,0.0
436,representative_week_08,representative_week,3,100,1275,2024-02-23T03:00:00,8,representative_scored,true,10,362.379166666667,0.167,0.0,-1.76,175.35000000000002,0.0,234.51028589587025,0.0
437,representative_week_08,representative_week,3,101,1276,2024-02-23T04:00:00,8,representative_scored,true,10,359.655092592593,0.19,0.0,-2.65,199.5,0.0,233.13479304164926,0.0
438,representative_week_08,representative_week,3,102,1277,2024-02-23T05:00:00,8,representative_scored,true,10,356.696759259259,0.186,0.0,-3.19,195.3,0.0,231.64101341240485,0.0
439,representative_week_08,representative_week,3,103,1278,2024-02-23T06:00:00,8,representative_scored,true,10,357.378703703704,0.17,0.0,-3.42,178.5,0.0,231.98535416262052,0.0
440,representative_week_08,representative_week,3,104,1279,2024-02-23T07:00:00,8,representative_scored,true,10,351.186574074074,0.17,0.0085572251420875,-3.39,178.5,1.7114450284175,228.85870274773143,0.0
441,representative_week_08,representative_week,3,105,1280,2024-02-23T08:00:00,8,representative_scored,true,10,371.354166666667,0.179,0.1883188656101875,-2.67,187.95,37.663773122037504,239.04211874290104,0.0
442,representative_week_08,representative_week,3,106,1281,2024-02-23T09:00:00,8,representative_scored,true,10,410.349074074074,0.095,0.40567010932968744,3.23,99.75,81.13402186593748,258.732191417643,0.0
443,representative_week_08,representative_week,3,107,1282,2024-02-23T10:00:00,8,representative_scored,true,10,403.638425925926,0.132,0.6067519962570874,6.65,138.6,121.35039925141749,255.34371947305883,0.0
444,representative_week_08,representative_week,3,108,1283,2024-02-23T11:00:00,8,representative_scored,true,10,380.491203703704,0.138,0.7274073881006875,8.28,144.9,145.4814776201375,243.65577050546153,0.0
445,representative_week_08,representative_week,3,109,1284,2024-02-23T12:00:00,8,representative_scored,true,10,383.466203703704,0.13,0.7494158562008,9.59,136.5,149.88317124015998,245.15796579458873,0.0
446,representative_week_08,representative_week,3,110,1285,2024-02-23T13:00:00,8,representative_scored,true,10,392.412962962963,0.134,0.75655961714515,10.5,140.70000000000002,151.31192342903,249.67553877348408,0.0
447,representative_week_08,representative_week,3,111,1286,2024-02-23T14:00:00,8,representative_scored,true,10,387.755092592593,0.155,0.5539953425680876,11.3,162.75,110.79906851361751,247.32359560449757,0.0
448,representative_week_08,representative_week,3,112,1287,2024-02-23T15:00:00,8,representative_scored,true,10,387.133796296296,0.182,0.4731615448509999,11.16,191.1,94.63230897019999,247.009878505523,0.0
449,representative_week_08,representative_week,3,113,1288,2024-02-23T16:00:00,8,representative_scored,true,10,380.925925925926,0.223,0.3914926509676875,10.69,234.15,78.2985301935375,243.87527896741136,0.0
450,representative_week_08,representative_week,3,114,1289,2024-02-23T17:00:00,8,representative_scored,true,10,379.341666666667,0.24,0.15986638979979997,10.11,252.0,31.973277959959994,243.0753237418601,0.0
451,representative_week_08,representative_week,3,115,1290,2024-02-23T18:00:00,8,representative_scored,true,10,375.154166666667,0.259,0.010364714158987499,8.86,271.95,2.0729428317974996,240.9608891962399,0.0
452,representative_week_08,representative_week,3,116,1291,2024-02-23T19:00:00,8,representative_scored,true,10,377.859259259259,0.3,0.0,8.14,315.0,0.0,242.32679754892715,0.0
453,representative_week_08,representative_week,3,117,1292,2024-02-23T20:00:00,8,representative_scored,true,10,378.288888888889,0.304,0.0,7.83,319.2,0.0,242.54373455924636,0.0
454,representative_week_08,representative_week,3,118,1293,2024-02-23T21:00:00,8,representative_scored,true,10,366.366203703704,0.285,0.0,7.75,299.25,0.0,236.52349875456355,0.0
455,representative_week_08,representative_week,3,119,1294,2024-02-23T22:00:00,8,representative_scored,true,10,357.322685185185,0.297,0.0,7.51,311.84999999999997,0.0,231.95706819467995,0.0
456,representative_week_08,representative_week,3,120,1295,2024-02-23T23:00:00,8,representative_scored,true,10,355.631944444444,0.388,0.0,7.13,407.40000000000003,0.0,231.10334625320888,0.0
457,representative_week_08,representative_week,3,121,1296,2024-02-24T00:00:00,8,representative_scored,true,10,354.8125,0.492,0.0,6.74,516.6,0.0,230.68957630895838,47.28957630895843
458,representative_week_08,representative_week,3,122,1297,2024-02-24T01:00:00,8,representative_scored,true,10,354.709259259259,0.572,0.0,6.48,600.5999999999999,0.0,230.63744597134925,131.2374459713492
459,representative_week_08,representative_week,3,123,1298,2024-02-24T02:00:00,8,representative_scored,true,10,350.612962962963,0.582,0.0,6.17,611.0999999999999,0.0,228.56906378675603,139.66906378675594
460,representative_week_08,representative_week,3,124,1299,2024-02-24T03:00:00,8,representative_scored,true,10,347.74212962963,0.55,0.0,2.54,577.5,0.0,227.11946637189817,104.61946637189817
461,representative_week_08,representative_week,3,125,1300,2024-02-24T04:00:00,8,representative_scored,true,10,350.75787037037,0.502,0.0,1.9,527.1,0.0,228.64223327407242,55.74223327407242
462,representative_week_08,representative_week,3,126,1301,2024-02-24T05:00:00,8,representative_scored,true,10,353.271296296296,0.406,0.0,1.17,426.3,0.0,229.91136153810476,0.0
463,representative_week_08,representative_week,3,127,1302,2024-02-24T06:00:00,8,representative_scored,true,10,350.1125,0.297,0.0,0.48,311.84999999999997,0.0,228.31636022193396,0.0
464,representative_week_08,representative_week,3,128,1303,2024-02-24T07:00:00,8,representative_scored,true,10,366.664814814815,0.216,0.009052430769400002,0.51,226.8,1.8104861538800003,236.67427932746844,0.0
465,representative_week_08,representative_week,3,129,1304,2024-02-24T08:00:00,8,representative_scored,true,10,385.298611111111,0.136,0.20666873857275,-0.16,142.8,41.33374771455,246.08322084506554,0.0
466,representative_week_08,representative_week,3,130,1305,2024-02-24T09:00:00,8,representative_scored,true,10,359.663425925926,0.138,0.40277206425600004,4.88,144.9,80.55441285120001,233.13900087159064,0.0
467,representative_week_08,representative_week,3,131,1306,2024-02-24T10:00:00,8,representative_scored,true,10,381.774074074074,0.145,0.59393749459275,7.63,152.25,118.78749891855,244.3035425481273,0.0
468,representative_week_08,representative_week,3,132,1307,2024-02-24T11:00:00,8,representative_scored,true,10,395.535185185185,0.13,0.7308775512031874,9.22,136.5,146.1755102406375,251.25207239157822,0.0
469,representative_week_08,representative_week,3,133,1308,2024-02-24T12:00:00,8,representative_scored,true,10,384.092592592593,0.131,0.78851052877035,10.58,137.55,157.70210575407,245.474254345194,0.0
470,representative_week_08,representative_week,3,134,1309,2024-02-24T13:00:00,8,representative_scored,true,10,389.660185185185,0.106,0.6436404476376,11.77,111.3,128.72808952751998,248.2855522827977,0.0
471,representative_week_08,representative_week,3,135,1310,2024-02-24T14:00:00,8,representative_scored,true,10,360.379166666667,0.085,0.46275407503359994,12.0,89.25,92.55081500671999,233.5004067099024,0.0
472,representative_week_08,representative_week,3,136,1311,2024-02-24T15:00:00,8,representative_scored,true,10,359.519907407407,0.07,0.2919548667864,11.59,73.5,58.39097335728,233.06653268926397,0.0
473,representative_week_08,representative_week,3,137,1312,2024-02-24T16:00:00,8,representative_scored,true,10,356.143055555556,0.054,0.16111397054059998,11.18,56.7,32.22279410812,231.36142648962334,0.0
474,representative_week_08,representative_week,3,138,1313,2024-02-24T17:00:00,8,representative_scored,true,10,359.484722222222,0.047,0.06944676510915,10.55,49.35,13.88935302183,233.04876629617763,0.0
475,representative_week_08,representative_week,3,139,1314,2024-02-24T18:00:00,8,representative_scored,true,10,347.865740740741,0.036,0.00572380207875,9.95,37.8,1.14476041575,227.1818825160308,0.0
476,representative_week_08,representative_week,3,140,1315,2024-02-24T19:00:00,8,representative_scored,true,10,356.256481481482,0.03,0.0,8.65,31.5,0.0,231.41869973049424,0.0
477,representative_week_08,representative_week,3,141,1316,2024-02-24T20:00:00,8,representative_scored,true,10,362.699074074074,0.043,0.0,8.98,45.15,0.0,234.6718198119589,0.0
478,representative_week_08,representative_week,3,142,1317,2024-02-24T21:00:00,8,representative_scored,true,10,356.856481481481,0.07,0.0,9.11,73.5,0.0,231.7216634862841,0.0
479,representative_week_08,representative_week,3,143,1318,2024-02-24T22:00:00,8,representative_scored,true,10,361.301388888889,0.094,0.0,8.7,98.7,0.0,233.96607322343192,0.0
480,representative_week_08,representative_week,3,144,1319,2024-02-24T23:00:00,8,representative_scored,true,10,350.891203703704,0.108,0.0,7.83,113.4,0.0,228.7095585531373,0.0
481,representative_week_08,representative_week,3,145,1320,2024-02-25T00:00:00,8,representative_scored,true,10,312.472222222222,0.12,0.0,5.37,126.0,0.0,209.31029368102077,0.0
482,representative_week_08,representative_week,3,146,1321,2024-02-25T01:00:00,8,representative_scored,true,10,316.07037037037,0.132,0.0,3.27,138.6,0.0,211.1271411424425,0.0
483,representative_week_08,representative_week,3,147,1322,2024-02-25T02:00:00,8,representative_scored,true,10,312.864814814815,0.151,0.0,1.5,158.54999999999998,0.0,209.50852922493323,0.0
484,representative_week_08,representative_week,3,148,1323,2024-02-25T03:00:00,8,representative_scored,true,10,315.15,0.142,0.0,1.65,149.1,0.0,210.66240970223336,0.0
485,representative_week_08,representative_week,3,149,1324,2024-02-25T04:00:00,8,representative_scored,true,10,314.907407407407,0.098,0.0,0.78,102.9,0.0,210.53991509726856,0.0
486,representative_week_08,representative_week,3,150,1325,2024-02-25T05:00:00,8,representative_scored,true,10,314.995833333333,0.057,0.0,0.22,59.85,0.0,210.5845648483149,0.0
487,representative_week_08,representative_week,3,151,1326,2024-02-25T06:00:00,8,representative_scored,true,10,316.804166666667,0.025,0.0,0.23,26.25,0.0,211.49766394562783,0.0
488,representative_week_08,representative_week,3,152,1327,2024-02-25T07:00:00,8,representative_scored,true,10,323.914814814815,0.008,0.0082001522347875,-0.2,8.4,1.6400304469575002,215.0881117274056,0.0
489,representative_week_08,representative_week,3,153,1328,2024-02-25T08:00:00,8,representative_scored,true,10,334.150925925926,0.002,0.19152040057200004,0.01,2.1,38.30408011440001,220.25672950558823,0.0
490,representative_week_08,representative_week,3,154,1329,2024-02-25T09:00:00,8,representative_scored,true,10,338.108796296296,0.001,0.37258924226560003,5.82,1.05,74.51784845312001,222.25521495948598,0.0
491,representative_week_08,representative_week,3,155,1330,2024-02-25T10:00:00,8,representative_scored,true,10,337.966203703704,0.002,0.47678158609395005,8.92,2.1,95.35631721879001,222.1832143138201,0.0
492,representative_week_08,representative_week,3,156,1331,2024-02-25T11:00:00,8,representative_scored,true,10,334.155092592593,0.014,0.6614596023672,10.22,14.700000000000001,132.29192047344,220.25883342055914,0.0
493,representative_week_08,representative_week,3,157,1332,2024-02-25T12:00:00,8,representative_scored,true,10,335.545833333333,0.018,0.5063490755736875,11.63,18.9,101.2698151147375,220.96107348413454,0.0
494,representative_week_08,representative_week,3,158,1333,2024-02-25T13:00:00,8,representative_scored,true,10,338.165740740741,0.015,0.33101580254118745,11.81,15.75,66.20316050823749,222.28396846408677,0.0
495,representative_week_08,representative_week,3,159,1334,2024-02-25T14:00:00,8,representative_scored,true,10,339.156944444444,0.008,0.27179797090328744,11.6,8.4,54.35959418065749,222.7844664587987,0.0
496,representative_week_08,representative_week,3,160,1335,2024-02-25T15:00:00,8,representative_scored,true,10,347.330092592593,0.004,0.19674015207554996,11.39,4.2,39.34803041510999,226.91141255812238,0.0
497,representative_week_08,representative_week,3,161,1336,2024-02-25T16:00:00,8,representative_scored,true,10,351.947685185185,0.002,0.13841627465234999,10.85,2.1,27.683254930469996,229.2430178823914,0.0
498,representative_week_08,representative_week,3,162,1337,2024-02-25T17:00:00,8,representative_scored,true,10,341.145833333333,0.003,0.0463185777679875,10.11,3.15,9.2637155535975,223.78873520484456,0.0
499,representative_week_08,representative_week,3,163,1338,2024-02-25T18:00:00,8,representative_scored,true,10,353.217592592593,0.001,0.00450082027915,9.21,1.05,0.90016405583,229.88424441181525,0.0
500,representative_week_08,representative_week,3,164,1339,2024-02-25T19:00:00,8,representative_scored,true,10,365.069444444444,0.001,0.0,7.84,1.05,0.0,235.8687136619947,0.0
501,representative_week_08,representative_week,3,165,1340,2024-02-25T20:00:00,8,representative_scored,true,10,363.170833333333,0.0,0.0,6.92,0.0,0.0,234.91002974031554,0.0
502,representative_week_08,representative_week,3,166,1341,2024-02-25T21:00:00,8,representative_scored,true,10,367.15787037037,0.0,0.0,6.84,0.0,0.0,236.92324259900883,0.0
503,representative_week_08,representative_week,3,167,1342,2024-02-25T22:00:00,8,representative_scored,true,10,361.175,0.001,0.0,6.68,1.05,0.0,233.90225446931862,0.0
504,representative_week_08,representative_week,3,168,1343,2024-02-25T23:00:00,8,representative_scored,true,10,355.0625,0.001,0.0,7.09,1.05,0.0,230.81581120720435,0.0
505,representative_week_29,representative_week,4,1,4704,2024-07-15T00:00:00,29,representative_scored,true,13,50.403240740741,0.131,0.0,20.16,137.55,0.0,93.4406831910149,0.0
506,representative_week_29,representative_week,4,2,4705,2024-07-15T01:00:00,29,representative_scored,true,13,52.522222222222,0.211,0.0,19.52,221.54999999999998,0.0,93.4406831910149,0.0
507,representative_week_29,representative_week,4,3,4706,2024-07-15T02:00:00,29,representative_scored,true,13,49.518518518519,0.289,0.0,19.4,303.45,0.0,93.4406831910149,0.0
508,representative_week_29,representative_week,4,4,4707,2024-07-15T03:00:00,29,representative_scored,true,13,48.86712962963,0.321,0.0,19.88,337.05,0.0,93.4406831910149,0.0
509,representative_week_29,representative_week,4,5,4708,2024-07-15T04:00:00,29,representative_scored,true,13,45.378703703704,0.322,0.0,19.55,338.1,0.0,93.4406831910149,0.0
510,representative_week_29,representative_week,4,6,4709,2024-07-15T05:00:00,29,representative_scored,true,13,41.548148148148,0.289,0.0,19.01,303.45,0.0,93.4406831910149,0.0
511,representative_week_29,representative_week,4,7,4710,2024-07-15T06:00:00,29,representative_scored,true,13,43.172685185185,0.204,0.03578212040715,18.65,214.2,7.15642408143,93.4406831910149,0.0
512,representative_week_29,representative_week,4,8,4711,2024-07-15T07:00:00,29,representative_scored,true,13,40.757407407407,0.098,0.12975433462079997,20.29,102.9,25.950866924159993,93.4406831910149,0.0
513,representative_week_29,representative_week,4,9,4712,2024-07-15T08:00:00,29,representative_scored,true,13,58.488425925926,0.07,0.2532923481405999,24.57,73.5,50.65846962811998,93.4406831910149,0.0
514,representative_week_29,representative_week,4,10,4713,2024-07-15T09:00:00,29,representative_scored,true,13,70.219907407407,0.112,0.41095055022859994,27.25,117.60000000000001,82.19011004571999,93.4406831910149,0.0
515,representative_week_29,representative_week,4,11,4714,2024-07-15T10:00:00,29,representative_scored,true,13,74.514814814815,0.162,0.5185473470066876,27.93,170.1,103.70946940133751,93.4406831910149,0.0
516,representative_week_29,representative_week,4,12,4715,2024-07-15T11:00:00,29,representative_scored,true,13,70.511111111111,0.243,0.5601395986747875,28.77,255.15,112.02791973495749,93.4406831910149,0.0
517,representative_week_29,representative_week,4,13,4716,2024-07-15T12:00:00,29,representative_scored,true,13,62.762962962963,0.291,0.5541233818921875,29.4,305.54999999999995,110.82467637843749,93.4406831910149,0.0
518,representative_week_29,representative_week,4,14,4717,2024-07-15T13:00:00,29,representative_scored,true,13,67.8375,0.259,0.3551243107327875,29.75,271.95,71.0248621465575,93.4406831910149,0.0
519,representative_week_29,representative_week,4,15,4718,2024-07-15T14:00:00,29,representative_scored,true,13,67.872685185185,0.18,0.28910043059755003,29.19,189.0,57.82008611951001,93.4406831910149,0.0
520,representative_week_29,representative_week,4,16,4719,2024-07-15T15:00:00,29,representative_scored,true,13,67.3125,0.12,0.1656037758327875,28.82,126.0,33.120755166557494,93.4406831910149,0.0
521,representative_week_29,representative_week,4,17,4720,2024-07-15T16:00:00,29,representative_scored,true,13,70.22962962963,0.115,0.1441504822968,27.84,120.75,28.83009645936,93.4406831910149,0.0
522,representative_week_29,representative_week,4,18,4721,2024-07-15T17:00:00,29,representative_scored,true,13,66.137962962963,0.137,0.10335512290634999,27.23,143.85000000000002,20.671024581269997,93.4406831910149,0.0
523,representative_week_29,representative_week,4,19,4722,2024-07-15T18:00:00,29,representative_scored,true,13,55.953703703704,0.18,0.041357716301549996,26.56,189.0,8.271543260309999,93.4406831910149,0.0
524,representative_week_29,representative_week,4,20,4723,2024-07-15T19:00:00,29,representative_scored,true,13,52.062962962963,0.322,0.0047227147319874995,25.71,338.1,0.9445429463974999,93.4406831910149,0.0
525,representative_week_29,representative_week,4,21,4724,2024-07-15T20:00:00,29,representative_scored,true,13,48.912037037037,0.46,0.0,24.93,483.0,0.0,93.4406831910149,0.0
526,representative_week_29,representative_week,4,22,4725,2024-07-15T21:00:00,29,representative_scored,true,13,48.899537037037,0.506,0.0,24.22,531.3,0.0,93.4406831910149,0.0
527,representative_week_29,representative_week,4,23,4726,2024-07-15T22:00:00,29,representative_scored,true,13,51.186111111111,0.546,0.0,24.31,573.3000000000001,0.0,93.4406831910149,0.0
528,representative_week_29,representative_week,4,24,4727,2024-07-15T23:00:00,29,representative_scored,true,13,55.075925925926,0.562,0.0,25.28,590.1,0.0,93.4406831910149,0.0
529,representative_week_29,representative_week,4,25,4728,2024-07-16T00:00:00,29,representative_scored,true,13,52.806944444444,0.588,0.0,25.04,617.4,0.0,93.4406831910149,10.840683191014932
530,representative_week_29,representative_week,4,26,4729,2024-07-16T01:00:00,29,representative_scored,true,13,47.875925925926,0.596,0.0,24.88,625.8,0.0,93.4406831910149,19.240683191014796
531,representative_week_29,representative_week,4,27,4730,2024-07-16T02:00:00,29,representative_scored,true,13,46.644444444444,0.583,0.0,24.5,612.15,0.0,93.4406831910149,5.590683191014932
532,representative_week_29,representative_week,4,28,4731,2024-07-16T03:00:00,29,representative_scored,true,13,49.267592592593,0.524,0.0,24.01,550.2,0.0,93.4406831910149,0.0
533,representative_week_29,representative_week,4,29,4732,2024-07-16T04:00:00,29,representative_scored,true,13,47.628703703704,0.46,0.0,23.43,483.0,0.0,93.4406831910149,0.0
534,representative_week_29,representative_week,4,30,4733,2024-07-16T05:00:00,29,representative_scored,true,13,45.201388888889,0.352,0.0,22.96,369.59999999999997,0.0,93.4406831910149,0.0
535,representative_week_29,representative_week,4,31,4734,2024-07-16T06:00:00,29,representative_scored,true,13,43.127777777778,0.238,0.01025383764795,23.23,249.89999999999998,2.05076752959,93.4406831910149,0.0
536,representative_week_29,representative_week,4,32,4735,2024-07-16T07:00:00,29,representative_scored,true,13,48.264814814815,0.166,0.020995843243287498,22.9,174.3,4.1991686486574995,93.4406831910149,0.0
537,representative_week_29,representative_week,4,33,4736,2024-07-16T08:00:00,29,representative_scored,true,13,56.706481481481,0.356,0.05048326187208751,22.4,373.79999999999995,10.096652374417502,93.4406831910149,0.0
538,representative_week_29,representative_week,4,34,4737,2024-07-16T09:00:00,29,representative_scored,true,13,62.723611111111,0.521,0.0535611666464875,23.01,547.0500000000001,10.7122333292975,93.4406831910149,0.0
539,representative_week_29,representative_week,4,35,4738,2024-07-16T10:00:00,29,representative_scored,true,13,67.538888888889,0.547,0.07062419055875,23.0,574.35,14.124838111749998,93.4406831910149,0.0
540,representative_week_29,representative_week,4,36,4739,2024-07-16T11:00:00,29,representative_scored,true,13,65.143055555556,0.513,0.0768635432299875,23.06,538.65,15.372708645997498,93.4406831910149,0.0
541,representative_week_29,representative_week,4,37,4740,2024-07-16T12:00:00,29,representative_scored,true,13,54.50787037037,0.464,0.09233280423798748,22.96,487.20000000000005,18.466560847597496,93.4406831910149,0.0
542,representative_week_29,representative_week,4,38,4741,2024-07-16T13:00:00,29,representative_scored,true,13,59.560185185185,0.403,0.11806010467548748,23.01,423.15000000000003,23.612020935097497,93.4406831910149,0.0
543,representative_week_29,representative_week,4,39,4742,2024-07-16T14:00:00,29,representative_scored,true,13,70.537962962963,0.349,0.1215867077117875,23.28,366.45,24.3173415423575,93.4406831910149,0.0
544,representative_week_29,representative_week,4,40,4743,2024-07-16T15:00:00,29,representative_scored,true,13,69.95,0.33,0.13490713130595,23.27,346.5,26.981426261190002,93.4406831910149,0.0
545,representative_week_29,representative_week,4,41,4744,2024-07-16T16:00:00,29,representative_scored,true,13,69.411574074074,0.354,0.077744529932,23.32,371.7,15.5489059864,93.4406831910149,0.0
546,representative_week_29,representative_week,4,42,4745,2024-07-16T17:00:00,29,representative_scored,true,13,69.722222222222,0.406,0.049463740918750006,23.13,426.3,9.892748183750001,93.4406831910149,0.0
547,representative_week_29,representative_week,4,43,4746,2024-07-16T18:00:00,29,representative_scored,true,13,58.755555555556,0.505,0.041462253933187504,22.83,530.25,8.2924507866375,93.4406831910149,0.0
548,representative_week_29,representative_week,4,44,4747,2024-07-16T19:00:00,29,representative_scored,true,13,62.656018518519,0.546,0.0065669340043499995,22.82,573.3000000000001,1.3133868008699998,93.4406831910149,0.0
549,representative_week_29,representative_week,4,45,4748,2024-07-16T20:00:00,29,representative_scored,true,13,59.353703703704,0.539,0.0,22.5,565.95,0.0,93.4406831910149,0.0
550,representative_week_29,representative_week,4,46,4749,2024-07-16T21:00:00,29,representative_scored,true,13,56.915277777778,0.468,0.0,22.22,491.40000000000003,0.0,93.4406831910149,0.0
551,representative_week_29,representative_week,4,47,4750,2024-07-16T22:00:00,29,representative_scored,true,13,65.267592592593,0.406,0.0,21.8,426.3,0.0,93.4406831910149,0.0
552,representative_week_29,representative_week,4,48,4751,2024-07-16T23:00:00,29,representative_scored,true,13,52.036111111111,0.348,0.0,21.65,365.4,0.0,93.4406831910149,0.0
553,representative_week_29,representative_week,4,49,4752,2024-07-17T00:00:00,29,representative_scored,true,13,58.047222222222,0.325,0.0,21.39,341.25,0.0,93.4406831910149,0.0
554,representative_week_29,representative_week,4,50,4753,2024-07-17T01:00:00,29,representative_scored,true,13,52.973148148148,0.306,0.0,21.34,321.3,0.0,93.4406831910149,0.0
555,representative_week_29,representative_week,4,51,4754,2024-07-17T02:00:00,29,representative_scored,true,13,51.642592592593,0.324,0.0,21.31,340.2,0.0,93.4406831910149,0.0
556,representative_week_29,representative_week,4,52,4755,2024-07-17T03:00:00,29,representative_scored,true,13,49.657407407407,0.287,0.0,21.17,301.34999999999997,0.0,93.4406831910149,0.0
557,representative_week_29,representative_week,4,53,4756,2024-07-17T04:00:00,29,representative_scored,true,13,49.764351851852,0.249,0.0,21.05,261.45,0.0,93.4406831910149,0.0
558,representative_week_29,representative_week,4,54,4757,2024-07-17T05:00:00,29,representative_scored,true,13,46.965740740741,0.223,0.0,20.93,234.15,0.0,93.4406831910149,0.0
559,representative_week_29,representative_week,4,55,4758,2024-07-17T06:00:00,29,representative_scored,true,13,47.799537037037,0.184,0.003736835579,20.86,193.2,0.7473671157999999,93.4406831910149,0.0
560,representative_week_29,representative_week,4,56,4759,2024-07-17T07:00:00,29,representative_scored,true,13,53.102777777778,0.219,0.01351719818875,20.82,229.95,2.70343963775,93.4406831910149,0.0
561,representative_week_29,representative_week,4,57,4760,2024-07-17T08:00:00,29,representative_scored,true,13,78.396296296296,0.122,0.04020279617474999,21.01,128.1,8.040559234949999,93.4406831910149,0.0
562,representative_week_29,representative_week,4,58,4761,2024-07-17T09:00:00,29,representative_scored,true,13,79.154166666667,0.051,0.042886472550787494,21.55,53.55,8.577294510157499,93.4406831910149,0.0
563,representative_week_29,representative_week,4,59,4762,2024-07-17T10:00:00,29,representative_scored,true,13,78.868055555556,0.042,0.10190097035475,21.67,44.1,20.38019407095,93.4406831910149,0.0
564,representative_week_29,representative_week,4,60,4763,2024-07-17T11:00:00,29,representative_scored,true,13,81.962037037037,0.045,0.06114039972299999,22.14,47.25,12.228079944599997,93.4406831910149,0.0
565,representative_week_29,representative_week,4,61,4764,2024-07-17T12:00:00,29,representative_scored,true,13,77.478240740741,0.058,0.0646255593748875,21.83,60.900000000000006,12.9251118749775,93.4406831910149,0.0
566,representative_week_29,representative_week,4,62,4765,2024-07-17T13:00:00,29,representative_scored,true,13,85.347685185185,0.061,0.08523996641074999,21.86,64.05,17.04799328215,94.62612239287662,0.0
567,representative_week_29,representative_week,4,63,4766,2024-07-17T14:00:00,29,representative_scored,true,13,84.271296296296,0.053,0.18181400851875001,21.85,55.65,36.36280170375,94.08261102542855,0.0
568,representative_week_29,representative_week,4,64,4767,2024-07-17T15:00:00,29,representative_scored,true,13,80.180555555556,0.062,0.15280013698755,22.69,65.1,30.560027397509998,93.4406831910149,0.0
569,representative_week_29,representative_week,4,65,4768,2024-07-17T16:00:00,29,representative_scored,true,13,78.343981481481,0.111,0.10128020622168751,22.64,116.55,20.256041244337503,93.4406831910149,0.0
570,representative_week_29,representative_week,4,66,4769,2024-07-17T17:00:00,29,representative_scored,true,13,84.001851851852,0.167,0.07861149204479999,22.46,175.35000000000002,15.722298408959997,93.94655785731922,0.0
571,representative_week_29,representative_week,4,67,4770,2024-07-17T18:00:00,29,representative_scored,true,13,68.125462962963,0.202,0.028479149849887492,22.33,212.10000000000002,5.695829969977498,93.4406831910149,0.0
572,representative_week_29,representative_week,4,68,4771,2024-07-17T19:00:00,29,representative_scored,true,13,69.432407407407,0.26,0.007396026671287499,21.95,273.0,1.4792053342574998,93.4406831910149,0.0
573,representative_week_29,representative_week,4,69,4772,2024-07-17T20:00:00,29,representative_scored,true,13,59.17037037037,0.376,0.0,21.52,394.8,0.0,93.4406831910149,0.0
574,representative_week_29,representative_week,4,70,4773,2024-07-17T21:00:00,29,representative_scored,true,13,57.667592592593,0.393,0.0,21.38,412.65000000000003,0.0,93.4406831910149,0.0
575,representative_week_29,representative_week,4,71,4774,2024-07-17T22:00:00,29,representative_scored,true,13,58.591666666667,0.357,0.0,21.17,374.84999999999997,0.0,93.4406831910149,0.0
576,representative_week_29,representative_week,4,72,4775,2024-07-17T23:00:00,29,representative_scored,true,13,56.939814814815,0.337,0.0,21.02,353.85,0.0,93.4406831910149,0.0
577,representative_week_29,representative_week,4,73,4776,2024-07-18T00:00:00,29,representative_scored,true,13,52.339814814815,0.302,0.0,20.95,317.09999999999997,0.0,93.4406831910149,0.0
578,representative_week_29,representative_week,4,74,4777,2024-07-18T01:00:00,29,representative_scored,true,13,58.587962962963,0.248,0.0,20.91,260.4,0.0,93.4406831910149,0.0
579,representative_week_29,representative_week,4,75,4778,2024-07-18T02:00:00,29,representative_scored,true,13,59.309722222222,0.19,0.0,20.98,199.5,0.0,93.4406831910149,0.0
580,representative_week_29,representative_week,4,76,4779,2024-07-18T03:00:00,29,representative_scored,true,13,53.525925925926,0.152,0.0,20.49,159.6,0.0,93.4406831910149,0.0
581,representative_week_29,representative_week,4,77,4780,2024-07-18T04:00:00,29,representative_scored,true,13,57.652777777778,0.132,0.0,20.31,138.6,0.0,93.4406831910149,0.0
582,representative_week_29,representative_week,4,78,4781,2024-07-18T05:00:00,29,representative_scored,true,13,56.978703703704,0.141,0.0,20.19,148.04999999999998,0.0,93.4406831910149,0.0
583,representative_week_29,representative_week,4,79,4782,2024-07-18T06:00:00,29,representative_scored,true,13,55.919907407407,0.156,0.0069048709618875,20.12,163.8,1.3809741923774999,93.4406831910149,0.0
584,representative_week_29,representative_week,4,80,4783,2024-07-18T07:00:00,29,representative_scored,true,13,57.958796296296,0.215,0.021305210634787502,20.1,225.75,4.2610421269575,93.4406831910149,0.0
585,representative_week_29,representative_week,4,81,4784,2024-07-18T08:00:00,29,representative_scored,true,13,59.27037037037,0.194,0.0422184771354875,20.44,203.70000000000002,8.4436954270975,93.4406831910149,0.0
586,representative_week_29,representative_week,4,82,4785,2024-07-18T09:00:00,29,representative_scored,true,13,67.585648148148,0.132,0.047436941079287503,20.55,138.6,9.4873882158575,93.4406831910149,0.0
587,representative_week_29,representative_week,4,83,4786,2024-07-18T10:00:00,29,representative_scored,true,13,71.515277777778,0.078,0.0819849952435875,20.59,81.9,16.3969990487175,93.4406831910149,0.0
588,representative_week_29,representative_week,4,84,4787,2024-07-18T11:00:00,29,representative_scored,true,13,74.284259259259,0.047,0.10859505022275,20.78,49.35,21.71901004455,93.4406831910149,0.0
589,representative_week_29,representative_week,4,85,4788,2024-07-18T12:00:00,29,representative_scored,true,13,65.764351851852,0.021,0.0844448225716875,21.13,22.05,16.888964514337502,93.4406831910149,0.0
590,representative_week_29,representative_week,4,86,4789,2024-07-18T13:00:00,29,representative_scored,true,13,69.781018518519,0.006,0.06913771033248749,21.11,6.3,13.827542066497497,93.4406831910149,0.0
591,representative_week_29,representative_week,4,87,4790,2024-07-18T14:00:00,29,representative_scored,true,13,73.162962962963,0.003,0.1729235412574875,20.94,3.15,34.584708251497496,93.4406831910149,0.0
592,representative_week_29,representative_week,4,88,4791,2024-07-18T15:00:00,29,representative_scored,true,13,75.899074074074,0.005,0.1451657140254,22.21,5.25,29.033142805079997,93.4406831910149,0.0
593,representative_week_29,representative_week,4,89,4792,2024-07-18T16:00:00,29,representative_scored,true,13,74.953240740741,0.012,0.10789651742220002,22.27,12.6,21.579303484440004,93.4406831910149,0.0
594,representative_week_29,representative_week,4,90,4793,2024-07-18T17:00:00,29,representative_scored,true,13,70.2,0.023,0.0776296546821875,22.13,24.15,15.525930936437499,93.4406831910149,0.0
595,representative_week_29,representative_week,4,91,4794,2024-07-18T18:00:00,29,representative_scored,true,13,58.923611111111,0.029,0.038133949937150004,21.94,30.450000000000003,7.6267899874300005,93.4406831910149,0.0
596,representative_week_29,representative_week,4,92,4795,2024-07-18T19:00:00,29,representative_scored,true,13,50.358333333333,0.042,0.009045791664,21.68,44.1,1.8091583328,93.4406831910149,0.0
597,representative_week_29,representative_week,4,93,4796,2024-07-18T20:00:00,29,representative_scored,true,13,47.996759259259,0.07,0.0,21.34,73.5,0.0,93.4406831910149,0.0
598,representative_week_29,representative_week,4,94,4797,2024-07-18T21:00:00,29,representative_scored,true,13,55.912962962963,0.108,0.0,21.46,113.4,0.0,93.4406831910149,0.0
599,representative_week_29,representative_week,4,95,4798,2024-07-18T22:00:00,29,representative_scored,true,13,75.553703703704,0.147,0.0,21.83,154.35,0.0,93.4406831910149,0.0
600,representative_week_29,representative_week,4,96,4799,2024-07-18T23:00:00,29,representative_scored,true,13,64.235648148148,0.203,0.0,21.29,213.15,0.0,93.4406831910149,0.0
601,representative_week_29,representative_week,4,97,4800,2024-07-19T00:00:00,29,representative_scored,true,13,62.894907407407,0.289,0.0,21.13,303.45,0.0,93.4406831910149,0.0
602,representative_week_29,representative_week,4,98,4801,2024-07-19T01:00:00,29,representative_scored,true,13,61.911574074074,0.333,0.0,20.62,349.65000000000003,0.0,93.4406831910149,0.0
603,representative_week_29,representative_week,4,99,4802,2024-07-19T02:00:00,29,representative_scored,true,13,59.782407407407,0.314,0.0,20.56,329.7,0.0,93.4406831910149,0.0
604,representative_week_29,representative_week,4,100,4803,2024-07-19T03:00:00,29,representative_scored,true,13,59.392592592593,0.279,0.0,21.05,292.95000000000005,0.0,93.4406831910149,0.0
605,representative_week_29,representative_week,4,101,4804,2024-07-19T04:00:00,29,representative_scored,true,13,55.468055555556,0.242,0.0,21.54,254.1,0.0,93.4406831910149,0.0
606,representative_week_29,representative_week,4,102,4805,2024-07-19T05:00:00,29,representative_scored,true,13,52.648611111111,0.199,0.0,21.47,208.95000000000002,0.0,93.4406831910149,0.0
607,representative_week_29,representative_week,4,103,4806,2024-07-19T06:00:00,29,representative_scored,true,13,54.644907407407,0.199,0.0111733823972875,21.27,208.95000000000002,2.2346764794575003,93.4406831910149,0.0
608,representative_week_29,representative_week,4,104,4807,2024-07-19T07:00:00,29,representative_scored,true,13,50.872685185185,0.254,0.0444815074858875,21.28,266.7,8.8963014971775,93.4406831910149,0.0
609,representative_week_29,representative_week,4,105,4808,2024-07-19T08:00:00,29,representative_scored,true,13,63.2625,0.261,0.08830500369314999,21.74,274.05,17.661000738629998,93.4406831910149,0.0
610,representative_week_29,representative_week,4,106,4809,2024-07-19T09:00:00,29,representative_scored,true,13,67.985648148148,0.288,0.1057203646270875,22.5,302.4,21.1440729254175,93.4406831910149,0.0
611,representative_week_29,representative_week,4,107,4810,2024-07-19T10:00:00,29,representative_scored,true,13,81.459259259259,0.299,0.1699461288375875,22.79,313.95,33.9892257675175,93.4406831910149,0.0
612,representative_week_29,representative_week,4,108,4811,2024-07-19T11:00:00,29,representative_scored,true,13,77.173148148148,0.314,0.17184672235748752,23.36,329.7,34.369344471497506,93.4406831910149,0.0
613,representative_week_29,representative_week,4,109,4812,2024-07-19T12:00:00,29,representative_scored,true,13,64.331018518519,0.293,0.21611732780088752,23.57,307.65,43.2234655601775,93.4406831910149,0.0
614,representative_week_29,representative_week,4,110,4813,2024-07-19T13:00:00,29,representative_scored,true,13,63.840277777778,0.246,0.249288348651,24.02,258.3,49.8576697302,93.4406831910149,0.0
615,representative_week_29,representative_week,4,111,4814,2024-07-19T14:00:00,29,representative_scored,true,13,70.452314814815,0.204,0.22087016394794995,24.22,214.2,44.17403278958999,93.4406831910149,0.0
616,representative_week_29,representative_week,4,112,4815,2024-07-19T15:00:00,29,representative_scored,true,13,74.974537037037,0.19,0.23736498274808746,24.2,199.5,47.47299654961749,93.4406831910149,0.0
617,representative_week_29,representative_week,4,113,4816,2024-07-19T16:00:00,29,representative_scored,true,13,74.587962962963,0.162,0.114964192668,24.49,170.1,22.9928385336,93.4406831910149,0.0
618,representative_week_29,representative_week,4,114,4817,2024-07-19T17:00:00,29,representative_scored,true,13,74.673611111111,0.068,0.0925729892192,24.02,71.4,18.51459784384,93.4406831910149,0.0
619,representative_week_29,representative_week,4,115,4818,2024-07-19T18:00:00,29,representative_scored,true,13,56.334259259259,0.035,0.03684076738728749,24.1,36.75,7.368153477457498,93.4406831910149,0.0
620,representative_week_29,representative_week,4,116,4819,2024-07-19T19:00:00,29,representative_scored,true,13,55.384259259259,0.105,0.0096163855846875,23.9,110.25,1.9232771169375,93.4406831910149,0.0
621,representative_week_29,representative_week,4,117,4820,2024-07-19T20:00:00,29,representative_scored,true,13,55.12037037037,0.291,0.0,23.95,305.54999999999995,0.0,93.4406831910149,0.0
622,representative_week_29,representative_week,4,118,4821,2024-07-19T21:00:00,29,representative_scored,true,13,64.553240740741,0.436,0.0,23.78,457.8,0.0,93.4406831910149,0.0
623,representative_week_29,representative_week,4,119,4822,2024-07-19T22:00:00,29,representative_scored,true,13,63.526388888889,0.492,0.0,22.88,516.6,0.0,93.4406831910149,0.0
624,representative_week_29,representative_week,4,120,4823,2024-07-19T23:00:00,29,representative_scored,true,13,59.993055555556,0.458,0.0,23.18,480.90000000000003,0.0,93.4406831910149,0.0
625,representative_week_29,representative_week,4,121,4824,2024-07-20T00:00:00,29,representative_scored,true,13,62.193055555556,0.403,0.0,23.32,423.15000000000003,0.0,93.4406831910149,0.0
626,representative_week_29,representative_week,4,122,4825,2024-07-20T01:00:00,29,representative_scored,true,13,60.749074074074,0.387,0.0,22.39,406.35,0.0,93.4406831910149,0.0
627,representative_week_29,representative_week,4,123,4826,2024-07-20T02:00:00,29,representative_scored,true,13,56.914814814815,0.393,0.0,21.93,412.65000000000003,0.0,93.4406831910149,0.0
628,representative_week_29,representative_week,4,124,4827,2024-07-20T03:00:00,29,representative_scored,true,13,59.893055555556,0.393,0.0,22.33,412.65000000000003,0.0,93.4406831910149,0.0
629,representative_week_29,representative_week,4,125,4828,2024-07-20T04:00:00,29,representative_scored,true,13,52.133796296296,0.357,0.0,21.94,374.84999999999997,0.0,93.4406831910149,0.0
630,representative_week_29,representative_week,4,126,4829,2024-07-20T05:00:00,29,representative_scored,true,13,48.211574074074,0.301,0.0,21.65,316.05,0.0,93.4406831910149,0.0
631,representative_week_29,representative_week,4,127,4830,2024-07-20T06:00:00,29,representative_scored,true,13,47.237962962963,0.191,0.018657845643150005,20.95,200.55,3.731569128630001,93.4406831910149,0.0
632,representative_week_29,representative_week,4,128,4831,2024-07-20T07:00:00,29,representative_scored,true,13,46.133796296296,0.042,0.08789415069498749,21.06,44.1,17.578830138997496,93.4406831910149,0.0
633,representative_week_29,representative_week,4,129,4832,2024-07-20T08:00:00,29,representative_scored,true,13,51.245833333333,0.0,0.23992091929018752,23.43,0.0,47.984183858037504,93.4406831910149,0.0
634,representative_week_29,representative_week,4,130,4833,2024-07-20T09:00:00,29,representative_scored,true,13,61.433796296296,0.005,0.3876960494435875,25.65,5.25,77.5392098887175,93.4406831910149,0.0
635,representative_week_29,representative_week,4,131,4834,2024-07-20T10:00:00,29,representative_scored,true,13,64.082407407407,0.007,0.5396920431881874,26.67,7.3500000000000005,107.93840863763748,93.4406831910149,0.0
636,representative_week_29,representative_week,4,132,4835,2024-07-20T11:00:00,29,representative_scored,true,13,65.653240740741,0.008,0.6025788697651876,27.89,8.4,120.51577395303752,93.4406831910149,0.0
637,representative_week_29,representative_week,4,133,4836,2024-07-20T12:00:00,29,representative_scored,true,13,53.565277777778,0.007,0.54798214982875,28.8,7.3500000000000005,109.59642996575,93.4406831910149,0.0
638,representative_week_29,representative_week,4,134,4837,2024-07-20T13:00:00,29,representative_scored,true,13,61.989351851852,0.004,0.58706392102875,29.29,4.2,117.41278420575001,93.4406831910149,0.0
639,representative_week_29,representative_week,4,135,4838,2024-07-20T14:00:00,29,representative_scored,true,13,73.354166666667,0.003,0.48398866107035,29.75,3.15,96.79773221407,93.4406831910149,0.0
640,representative_week_29,representative_week,4,136,4839,2024-07-20T15:00:00,29,representative_scored,true,13,62.033796296296,0.004,0.4074041885788875,29.72,4.2,81.4808377157775,93.4406831910149,0.0
641,representative_week_29,representative_week,4,137,4840,2024-07-20T16:00:00,29,representative_scored,true,13,57.055092592593,0.007,0.3103965763502,29.57,7.3500000000000005,62.079315270040006,93.4406831910149,0.0
642,representative_week_29,representative_week,4,138,4841,2024-07-20T17:00:00,29,representative_scored,true,13,60.436111111111,0.011,0.18331884326115,29.4,11.549999999999999,36.66376865223,93.4406831910149,0.0
643,representative_week_29,representative_week,4,139,4842,2024-07-20T18:00:00,29,representative_scored,true,13,50.524074074074,0.02,0.06563652305678751,28.78,21.0,13.127304611357502,93.4406831910149,0.0
644,representative_week_29,representative_week,4,140,4843,2024-07-20T19:00:00,29,representative_scored,true,13,52.318518518519,0.078,0.0121674887719875,27.89,81.9,2.4334977543975,93.4406831910149,0.0
645,representative_week_29,representative_week,4,141,4844,2024-07-20T20:00:00,29,representative_scored,true,13,49.967592592593,0.197,0.0,27.48,206.85000000000002,0.0,93.4406831910149,0.0
646,representative_week_29,representative_week,4,142,4845,2024-07-20T21:00:00,29,representative_scored,true,13,50.409259259259,0.341,0.0,26.85,358.05,0.0,93.4406831910149,0.0
647,representative_week_29,representative_week,4,143,4846,2024-07-20T22:00:00,29,representative_scored,true,13,63.000925925926,0.488,0.0,26.29,512.4,0.0,93.4406831910149,0.0
648,representative_week_29,representative_week,4,144,4847,2024-07-20T23:00:00,29,representative_scored,true,13,58.091666666667,0.594,0.0,25.89,623.6999999999999,0.0,93.4406831910149,17.140683191014887
649,representative_week_29,representative_week,4,145,4848,2024-07-21T00:00:00,29,representative_scored,true,13,51.785648148148,0.642,0.0,25.56,674.1,0.0,93.4406831910149,67.54068319101498
650,representative_week_29,representative_week,4,146,4849,2024-07-21T01:00:00,29,representative_scored,true,13,47.907407407407,0.617,0.0,25.5,647.85,0.0,93.4406831910149,41.29068319101498
651,representative_week_29,representative_week,4,147,4850,2024-07-21T02:00:00,29,representative_scored,true,13,47.625462962963,0.542,0.0,25.3,569.1,0.0,93.4406831910149,0.0
652,representative_week_29,representative_week,4,148,4851,2024-07-21T03:00:00,29,representative_scored,true,13,48.845833333333,0.526,0.0,24.83,552.3000000000001,0.0,93.4406831910149,0.0
653,representative_week_29,representative_week,4,149,4852,2024-07-21T04:00:00,29,representative_scored,true,13,46.738888888889,0.511,0.0,24.95,536.55,0.0,93.4406831910149,0.0
654,representative_week_29,representative_week,4,150,4853,2024-07-21T05:00:00,29,representative_scored,true,13,45.434259259259,0.439,0.0,25.02,460.95,0.0,93.4406831910149,0.0
655,representative_week_29,representative_week,4,151,4854,2024-07-21T06:00:00,29,representative_scored,true,13,41.649074074074,0.278,0.02061790225915,24.75,291.90000000000003,4.12358045183,93.4406831910149,0.0
656,representative_week_29,representative_week,4,152,4855,2024-07-21T07:00:00,29,representative_scored,true,13,43.211574074074,0.171,0.1022307832766,24.83,179.55,20.44615665532,93.4406831910149,0.0
657,representative_week_29,representative_week,4,153,4856,2024-07-21T08:00:00,29,representative_scored,true,13,49.621296296296,0.215,0.20311026354998754,24.91,225.75,40.62205270999751,93.4406831910149,0.0
658,representative_week_29,representative_week,4,154,4857,2024-07-21T09:00:00,29,representative_scored,true,13,53.077314814815,0.221,0.3561656365426875,26.26,232.05,71.2331273085375,93.4406831910149,0.0
659,representative_week_29,representative_week,4,155,4858,2024-07-21T10:00:00,29,representative_scored,true,13,61.094444444444,0.276,0.4584566499708874,27.28,289.8,91.69132999417748,93.4406831910149,0.0
660,representative_week_29,representative_week,4,156,4859,2024-07-21T11:00:00,29,representative_scored,true,13,61.936111111111,0.355,0.49188927391838755,27.98,372.75,98.3778547836775,93.4406831910149,0.0
661,representative_week_29,representative_week,4,157,4860,2024-07-21T12:00:00,29,representative_scored,true,13,53.464351851852,0.429,0.39465114887478747,28.48,450.45,78.9302297749575,93.4406831910149,0.0
662,representative_week_29,representative_week,4,158,4861,2024-07-21T13:00:00,29,representative_scored,true,13,51.847685185185,0.489,0.3671915986918875,28.18,513.45,73.4383197383775,93.4406831910149,0.0
663,representative_week_29,representative_week,4,159,4862,2024-07-21T14:00:00,29,representative_scored,true,13,56.093518518519,0.609,0.3110351672862,28.23,639.4499999999999,62.20703345724,93.4406831910149,95.09771664825485
664,representative_week_29,representative_week,4,160,4863,2024-07-21T15:00:00,29,representative_scored,true,13,58.7,0.679,0.27416014713628745,27.9,712.95,54.83202942725749,93.4406831910149,161.22271261827234
665,representative_week_29,representative_week,4,161,4864,2024-07-21T16:00:00,29,representative_scored,true,13,51.657407407407,0.672,0.2362979937598875,28.32,705.6,47.2595987519775,93.4406831910149,146.30028194299246
666,representative_week_29,representative_week,4,162,4865,2024-07-21T17:00:00,29,representative_scored,true,13,58.513888888889,0.594,0.1704955214094,28.51,623.6999999999999,34.09910428188,93.4406831910149,51.23978747289493
667,representative_week_29,representative_week,4,163,4866,2024-07-21T18:00:00,29,representative_scored,true,13,43.528703703704,0.442,0.0545596055377875,27.82,464.1,10.9119211075575,93.4406831910149,0.0
668,representative_week_29,representative_week,4,164,4867,2024-07-21T19:00:00,29,representative_scored,true,13,47.344444444444,0.244,0.0102038373946875,26.5,256.2,2.0407674789375,93.4406831910149,0.0
669,representative_week_29,representative_week,4,165,4868,2024-07-21T20:00:00,29,representative_scored,true,13,50.255555555556,0.167,0.0,25.82,175.35000000000002,0.0,93.4406831910149,0.0
670,representative_week_29,representative_week,4,166,4869,2024-07-21T21:00:00,29,representative_scored,true,13,51.107407407407,0.241,0.0,25.19,253.04999999999998,0.0,93.4406831910149,0.0
671,representative_week_29,representative_week,4,167,4870,2024-07-21T22:00:00,29,representative_scored,true,13,65.074074074074,0.417,0.0,24.27,437.84999999999997,0.0,93.4406831910149,0.0
672,representative_week_29,representative_week,4,168,4871,2024-07-21T23:00:00,29,representative_scored,true,13,51.057407407407,0.489,0.0,23.48,513.45,0.0,93.4406831910149,0.0
673,representative_week_39,representative_week,5,1,6384,2024-09-23T00:00:00,39,representative_scored,true,21,61.147685185185,0.321,0.0,13.36,337.05,0.0,93.4406831910149,0.0
674,representative_week_39,representative_week,5,2,6385,2024-09-23T01:00:00,39,representative_scored,true,21,64.249537037037,0.331,0.0,11.78,347.55,0.0,93.4406831910149,0.0
675,representative_week_39,representative_week,5,3,6386,2024-09-23T02:00:00,39,representative_scored,true,21,67.706481481481,0.339,0.0,11.1,355.95000000000005,0.0,93.4406831910149,0.0
676,representative_week_39,representative_week,5,4,6387,2024-09-23T03:00:00,39,representative_scored,true,21,72.098611111111,0.339,0.0,11.69,355.95000000000005,0.0,93.4406831910149,0.0
677,representative_week_39,representative_week,5,5,6388,2024-09-23T04:00:00,39,representative_scored,true,21,67.744907407407,0.321,0.0,11.64,337.05,0.0,93.4406831910149,0.0
678,representative_week_39,representative_week,5,6,6389,2024-09-23T05:00:00,39,representative_scored,true,21,72.60462962963,0.269,0.0,11.24,282.45000000000005,0.0,93.4406831910149,0.0
679,representative_week_39,representative_week,5,7,6390,2024-09-23T06:00:00,39,representative_scored,true,21,70.460185185185,0.208,0.0,11.27,218.39999999999998,0.0,93.4406831910149,0.0
680,representative_week_39,representative_week,5,8,6391,2024-09-23T07:00:00,39,representative_scored,true,21,71.075,0.128,0.1057908619032,11.23,134.4,21.15817238064,93.4406831910149,0.0
681,representative_week_39,representative_week,5,9,6392,2024-09-23T08:00:00,39,representative_scored,true,21,73.723148148148,0.023,0.2758681606583875,14.67,24.15,55.17363213167749,93.4406831910149,0.0
682,representative_week_39,representative_week,5,10,6393,2024-09-23T09:00:00,39,representative_scored,true,21,91.825925925926,0.0,0.41354879041580006,19.31,0.0,82.70975808316001,97.89724263575825,0.0
683,representative_week_39,representative_week,5,11,6394,2024-09-23T10:00:00,39,representative_scored,true,21,86.288888888889,0.001,0.5820860028049876,20.69,1.05,116.41720056099751,95.10137340793987,0.0
684,representative_week_39,representative_week,5,12,6395,2024-09-23T11:00:00,39,representative_scored,true,21,82.331944444444,0.005,0.64271548426315,21.9,5.25,128.54309685263,93.4406831910149,0.0
685,representative_week_39,representative_week,5,13,6396,2024-09-23T12:00:00,39,representative_scored,true,21,78.971759259259,0.009,0.5857492284507501,22.79,9.45,117.14984569015002,93.4406831910149,0.0
686,representative_week_39,representative_week,5,14,6397,2024-09-23T13:00:00,39,representative_scored,true,21,94.583796296296,0.015,0.4228923834457874,23.13,15.75,84.57847668915748,99.2898005780753,0.0
687,representative_week_39,representative_week,5,15,6398,2024-09-23T14:00:00,39,representative_scored,true,21,97.141203703704,0.024,0.2863683228280875,22.81,25.2,57.2736645656175,100.58113683346599,0.0
688,representative_week_39,representative_week,5,16,6399,2024-09-23T15:00:00,39,representative_scored,true,21,91.071296296296,0.034,0.33809028940838753,22.73,35.7,67.6180578816775,97.51620025771928,0.0
689,representative_week_39,representative_week,5,17,6400,2024-09-23T16:00:00,39,representative_scored,true,21,101.030555555556,0.055,0.1988776592000875,22.95,57.75,39.7755318400175,102.54502457451142,0.0
690,representative_week_39,representative_week,5,18,6401,2024-09-23T17:00:00,39,representative_scored,true,21,92.652777777778,0.102,0.0832887746838875,22.57,107.1,16.6577549367775,98.3147528732904,0.0
691,representative_week_39,representative_week,5,19,6402,2024-09-23T18:00:00,39,representative_scored,true,21,82.130092592593,0.199,0.0110611009752,21.67,208.95000000000002,2.21222019504,93.4406831910149,0.0
692,representative_week_39,representative_week,5,20,6403,2024-09-23T19:00:00,39,representative_scored,true,21,82.911111111111,0.299,0.0,21.39,313.95,0.0,93.4406831910149,0.0
693,representative_week_39,representative_week,5,21,6404,2024-09-23T20:00:00,39,representative_scored,true,21,78.494444444444,0.355,0.0,21.0,372.75,0.0,93.4406831910149,0.0
694,representative_week_39,representative_week,5,22,6405,2024-09-23T21:00:00,39,representative_scored,true,21,74.796296296296,0.354,0.0,20.36,371.7,0.0,93.4406831910149,0.0
695,representative_week_39,representative_week,5,23,6406,2024-09-23T22:00:00,39,representative_scored,true,21,74.516666666667,0.304,0.0,18.27,319.2,0.0,93.4406831910149,0.0
696,representative_week_39,representative_week,5,24,6407,2024-09-23T23:00:00,39,representative_scored,true,21,74.545833333333,0.229,0.0,15.53,240.45000000000002,0.0,93.4406831910149,0.0
697,representative_week_39,representative_week,5,25,6408,2024-09-24T00:00:00,39,representative_scored,true,21,74.59212962963,0.161,0.0,13.4,169.05,0.0,93.4406831910149,0.0
698,representative_week_39,representative_week,5,26,6409,2024-09-24T01:00:00,39,representative_scored,true,21,78.548148148148,0.122,0.0,12.17,128.1,0.0,93.4406831910149,0.0
699,representative_week_39,representative_week,5,27,6410,2024-09-24T02:00:00,39,representative_scored,true,21,74.676851851852,0.084,0.0,11.68,88.2,0.0,93.4406831910149,0.0
700,representative_week_39,representative_week,5,28,6411,2024-09-24T03:00:00,39,representative_scored,true,21,74.756018518519,0.043,0.0,11.58,45.15,0.0,93.4406831910149,0.0
701,representative_week_39,representative_week,5,29,6412,2024-09-24T04:00:00,39,representative_scored,true,21,73.3875,0.017,0.0,11.43,17.85,0.0,93.4406831910149,0.0
702,representative_week_39,representative_week,5,30,6413,2024-09-24T05:00:00,39,representative_scored,true,21,70.068981481481,0.006,0.0,11.09,6.3,0.0,93.4406831910149,0.0
703,representative_week_39,representative_week,5,31,6414,2024-09-24T06:00:00,39,representative_scored,true,21,78.474074074074,0.002,0.0,11.05,2.1,0.0,93.4406831910149,0.0
704,representative_week_39,representative_week,5,32,6415,2024-09-24T07:00:00,39,representative_scored,true,21,78.328240740741,0.002,0.08883699070668749,10.89,2.1,17.767398141337498,93.4406831910149,0.0
705,representative_week_39,representative_week,5,33,6416,2024-09-24T08:00:00,39,representative_scored,true,21,76.124074074074,0.001,0.22601082223834998,13.7,1.05,45.20216444766999,93.4406831910149,0.0
706,representative_week_39,representative_week,5,34,6417,2024-09-24T09:00:00,39,representative_scored,true,21,93.466203703704,0.0,0.3605307061421876,18.3,0.0,72.10614122843751,98.72548382925005,0.0
707,representative_week_39,representative_week,5,35,6418,2024-09-24T10:00:00,39,representative_scored,true,21,84.338888888889,0.001,0.527055497456,20.98,1.05,105.4110994912,94.11674120162121,0.0
708,representative_week_39,representative_week,5,36,6419,2024-09-24T11:00:00,39,representative_scored,true,21,90.750925925926,0.002,0.6403867707166875,22.57,2.1,128.0773541433375,97.35443257330053,0.0
709,representative_week_39,representative_week,5,37,6420,2024-09-24T12:00:00,39,representative_scored,true,21,81.646759259259,0.002,0.6015135068520875,23.6,2.1,120.3027013704175,93.4406831910149,0.0
710,representative_week_39,representative_week,5,38,6421,2024-09-24T13:00:00,39,representative_scored,true,21,94.098611111111,0.001,0.57460588954555,23.94,1.05,114.92117790911,99.04481136814617,0.0
711,representative_week_39,representative_week,5,39,6422,2024-09-24T14:00:00,39,representative_scored,true,21,102.649537037037,0.001,0.39301518865259993,24.23,1.05,78.60303773051999,103.36251242481895,0.0
712,representative_week_39,representative_week,5,40,6423,2024-09-24T15:00:00,39,representative_scored,true,21,96.688425925926,0.001,0.30613743669438753,23.72,1.05,61.22748733887751,100.35251140664262,0.0
713,representative_week_39,representative_week,5,41,6424,2024-09-24T16:00:00,39,representative_scored,true,21,76.637037037037,0.001,0.1961372392376875,23.28,1.05,39.2274478475375,93.4406831910149,0.0
714,representative_week_39,representative_week,5,42,6425,2024-09-24T17:00:00,39,representative_scored,true,21,81.046759259259,0.004,0.07500435786675001,22.53,4.2,15.000871573350002,93.4406831910149,0.0
715,representative_week_39,representative_week,5,43,6426,2024-09-24T18:00:00,39,representative_scored,true,21,86.459722222222,0.037,0.0111394203608875,22.08,38.85,2.2278840721775,95.18763392174112,0.0
716,representative_week_39,representative_week,5,44,6427,2024-09-24T19:00:00,39,representative_scored,true,21,90.886574074074,0.134,0.0,21.55,140.70000000000002,0.0,97.42292669401543,0.0
717,representative_week_39,representative_week,5,45,6428,2024-09-24T20:00:00,39,representative_scored,true,21,78.917592592593,0.261,0.0,20.16,274.05,0.0,93.4406831910149,0.0
718,representative_week_39,representative_week,5,46,6429,2024-09-24T21:00:00,39,representative_scored,true,21,77.416203703704,0.366,0.0,19.13,384.3,0.0,93.4406831910149,0.0
719,representative_week_39,representative_week,5,47,6430,2024-09-24T22:00:00,39,representative_scored,true,21,76.66712962963,0.432,0.0,17.89,453.6,0.0,93.4406831910149,0.0
720,representative_week_39,representative_week,5,48,6431,2024-09-24T23:00:00,39,representative_scored,true,21,67.096759259259,0.484,0.0,16.0,508.2,0.0,93.4406831910149,0.0
721,representative_week_39,representative_week,5,49,6432,2024-09-25T00:00:00,39,representative_scored,true,21,52.671759259259,0.51,0.0,13.8,535.5,0.0,93.4406831910149,0.0
722,representative_week_39,representative_week,5,50,6433,2024-09-25T01:00:00,39,representative_scored,true,21,53.597222222222,0.501,0.0,12.23,526.05,0.0,93.4406831910149,0.0
723,representative_week_39,representative_week,5,51,6434,2024-09-25T02:00:00,39,representative_scored,true,21,56.683796296296,0.461,0.0,11.51,484.05,0.0,93.4406831910149,0.0
724,representative_week_39,representative_week,5,52,6435,2024-09-25T03:00:00,39,representative_scored,true,21,52.343055555556,0.397,0.0,11.03,416.85,0.0,93.4406831910149,0.0
725,representative_week_39,representative_week,5,53,6436,2024-09-25T04:00:00,39,representative_scored,true,21,57.12037037037,0.33,0.0,10.54,346.5,0.0,93.4406831910149,0.0
726,representative_week_39,representative_week,5,54,6437,2024-09-25T05:00:00,39,representative_scored,true,21,58.682407407407,0.271,0.0,10.31,284.55,0.0,93.4406831910149,0.0
727,representative_week_39,representative_week,5,55,6438,2024-09-25T06:00:00,39,representative_scored,true,21,54.093518518519,0.246,0.0,9.91,258.3,0.0,93.4406831910149,0.0
728,representative_week_39,representative_week,5,56,6439,2024-09-25T07:00:00,39,representative_scored,true,21,52.193518518519,0.231,0.1321879709052875,9.7,242.55,26.4375941810575,93.4406831910149,0.0
729,representative_week_39,representative_week,5,57,6440,2024-09-25T08:00:00,39,representative_scored,true,21,60.444907407407,0.118,0.31788603615628747,13.5,123.89999999999999,63.577207231257496,93.4406831910149,0.0
730,representative_week_39,representative_week,5,58,6441,2024-09-25T09:00:00,39,representative_scored,true,21,78.449074074074,0.196,0.5213213378602876,19.15,205.8,104.2642675720575,93.4406831910149,0.0
731,representative_week_39,representative_week,5,59,6442,2024-09-25T10:00:00,39,representative_scored,true,21,89.190740740741,0.199,0.6644589028062,21.82,208.95000000000002,132.89178056124,96.56663330091367,0.0
732,representative_week_39,representative_week,5,60,6443,2024-09-25T11:00:00,39,representative_scored,true,21,95.781481481481,0.184,0.7380747634432,22.83,193.2,147.61495268864,99.89455924800549,0.0
733,representative_week_39,representative_week,5,61,6444,2024-09-25T12:00:00,39,representative_scored,true,21,91.886111111111,0.171,0.7295601199852875,23.57,179.55,145.9120239970575,97.92763251866921,0.0
734,representative_week_39,representative_week,5,62,6445,2024-09-25T13:00:00,39,representative_scored,true,21,98.601851851852,0.151,0.73192646751875,23.96,158.54999999999998,146.38529350375,101.31867591488458,0.0
735,representative_week_39,representative_week,5,63,6446,2024-09-25T14:00:00,39,representative_scored,true,21,104.779166666667,0.121,0.6141222989797875,24.23,127.05,122.82445979595751,104.43784674321083,0.0
736,representative_week_39,representative_week,5,64,6447,2024-09-25T15:00:00,39,representative_scored,true,21,104.112037037037,0.093,0.45331871199378754,24.33,97.65,90.6637423987575,104.10098657955793,0.0
737,representative_week_39,representative_week,5,65,6448,2024-09-25T16:00:00,39,representative_scored,true,21,94.03287037037,0.077,0.32030914206435,23.68,80.85,64.06182841287,99.01161626527396,0.0
738,representative_week_39,representative_week,5,66,6449,2024-09-25T17:00:00,39,representative_scored,true,21,92.983796296296,0.085,0.154643199339,22.97,89.25,30.9286398678,98.48189722930105,0.0
739,representative_week_39,representative_week,5,67,6450,2024-09-25T18:00:00,39,representative_scored,true,21,80.821759259259,0.144,0.009574638647149998,21.95,151.2,1.9149277294299998,93.4406831910149,0.0
740,representative_week_39,representative_week,5,68,6451,2024-09-25T19:00:00,39,representative_scored,true,21,88.076388888889,0.245,0.0,21.05,257.25,0.0,96.00395293039864,0.0
741,representative_week_39,representative_week,5,69,6452,2024-09-25T20:00:00,39,representative_scored,true,21,81.030092592593,0.361,0.0,20.66,379.05,0.0,93.4406831910149,0.0
742,representative_week_39,representative_week,5,70,6453,2024-09-25T21:00:00,39,representative_scored,true,21,78.821759259259,0.483,0.0,20.27,507.15,0.0,93.4406831910149,0.0
743,representative_week_39,representative_week,5,71,6454,2024-09-25T22:00:00,39,representative_scored,true,21,87.218518518519,0.581,0.0,19.25,610.05,0.0,95.57078021475103,5.620780214750994
744,representative_week_39,representative_week,5,72,6455,2024-09-25T23:00:00,39,representative_scored,true,21,83.814351851852,0.632,0.0,16.5,663.6,0.0,93.85188168363474,57.451881683634724
745,representative_week_39,representative_week,5,73,6456,2024-09-26T00:00:00,39,representative_scored,true,21,82.5125,0.645,0.0,13.67,677.25,0.0,93.4406831910149,70.69068319101484
746,representative_week_39,representative_week,5,74,6457,2024-09-26T01:00:00,39,representative_scored,true,21,86.919907407407,0.64,0.0,12.16,672.0,0.0,95.41999964184565,67.4199996418456
747,representative_week_39,representative_week,5,75,6458,2024-09-26T02:00:00,39,representative_scored,true,21,81.551388888889,0.627,0.0,11.59,658.35,0.0,93.4406831910149,51.79068319101498
748,representative_week_39,representative_week,5,76,6459,2024-09-26T03:00:00,39,representative_scored,true,21,80.822685185185,0.609,0.0,11.52,639.4499999999999,0.0,93.4406831910149,32.89068319101489
749,representative_week_39,representative_week,5,77,6460,2024-09-26T04:00:00,39,representative_scored,true,21,79.65787037037,0.582,0.0,11.18,611.0999999999999,0.0,93.4406831910149,4.54068319101475
750,representative_week_39,representative_week,5,78,6461,2024-09-26T05:00:00,39,representative_scored,true,21,81.281944444444,0.52,0.0,11.13,546.0,0.0,93.4406831910149,0.0
751,representative_week_39,representative_week,5,79,6462,2024-09-26T06:00:00,39,representative_scored,true,21,77.191203703704,0.47,0.0,10.63,493.5,0.0,93.4406831910149,0.0
752,representative_week_39,representative_week,5,80,6463,2024-09-26T07:00:00,39,representative_scored,true,21,77.360648148148,0.363,0.1254835419391875,10.57,381.15,25.096708387837502,93.4406831910149,0.0
753,representative_week_39,representative_week,5,81,6464,2024-09-26T08:00:00,39,representative_scored,true,21,79.557407407407,0.139,0.3147263740327875,14.57,145.95000000000002,62.94527480655751,93.4406831910149,0.0
754,representative_week_39,representative_week,5,82,6465,2024-09-26T09:00:00,39,representative_scored,true,21,92.958333333333,0.166,0.5068247143116875,19.72,174.3,101.3649428623375,98.46903997114634,0.0
755,representative_week_39,representative_week,5,83,6466,2024-09-26T10:00:00,39,representative_scored,true,21,98.653703703704,0.132,0.6242195178648,21.51,138.6,124.84390357296,101.34485796785415,0.0
756,representative_week_39,representative_week,5,84,6467,2024-09-26T11:00:00,39,representative_scored,true,21,99.625925925926,0.12,0.69661239818355,22.39,126.0,139.32247963671,101.83577146103288,0.0
757,representative_week_39,representative_week,5,85,6468,2024-09-26T12:00:00,39,representative_scored,true,21,88.825925925926,0.115,0.6852832466958001,23.16,120.75,137.05664933916003,96.38242385680648,0.0
758,representative_week_39,representative_week,5,86,6469,2024-09-26T13:00:00,39,representative_scored,true,21,96.325462962963,0.106,0.6452170095474875,23.74,111.3,129.0434019094975,100.16923703585582,0.0
759,representative_week_39,representative_week,5,87,6470,2024-09-26T14:00:00,39,representative_scored,true,21,98.61712962963,0.097,0.4820719707933875,23.98,101.85000000000001,96.4143941586775,101.32639026977746,0.0
760,representative_week_39,representative_week,5,88,6471,2024-09-26T15:00:00,39,representative_scored,true,21,106.020833333333,0.097,0.30803064189355,23.79,101.85000000000001,61.606128378710004,105.06481340449888,0.0
761,representative_week_39,representative_week,5,89,6472,2024-09-26T16:00:00,39,representative_scored,true,21,104.2125,0.109,0.22209393420038748,23.32,114.45,44.418786840077495,104.15171430718641,0.0
762,representative_week_39,representative_week,5,90,6473,2024-09-26T17:00:00,39,representative_scored,true,21,94.850462962963,0.146,0.10890547195275,22.56,153.29999999999998,21.78109439055,99.42445113620452,0.0
763,representative_week_39,representative_week,5,91,6474,2024-09-26T18:00:00,39,representative_scored,true,21,83.625,0.283,0.008540947582387501,21.98,297.15,1.7081895164775003,93.75627043662985,0.0
764,representative_week_39,representative_week,5,92,6475,2024-09-26T19:00:00,39,representative_scored,true,21,87.752777777778,0.492,0.0,21.54,516.6,0.0,95.84054886766916,0.0
765,representative_week_39,representative_week,5,93,6476,2024-09-26T20:00:00,39,representative_scored,true,21,86.825462962963,0.622,0.0,20.71,653.1,0.0,95.37231090250852,48.472310902508525
766,representative_week_39,representative_week,5,94,6477,2024-09-26T21:00:00,39,representative_scored,true,21,86.684259259259,0.686,0.0,19.83,720.3000000000001,0.0,95.3010115618324,115.60101156183248
767,representative_week_39,representative_week,5,95,6478,2024-09-26T22:00:00,39,representative_scored,true,21,82.096296296296,0.703,0.0,17.57,738.15,0.0,93.4406831910149,131.59068319101493
768,representative_week_39,representative_week,5,96,6479,2024-09-26T23:00:00,39,representative_scored,true,21,84.473611111111,0.706,0.0,15.58,741.3,0.0,94.18476778567587,135.48476778567579
769,representative_week_39,representative_week,5,97,6480,2024-09-27T00:00:00,39,representative_scored,true,21,82.94212962963,0.697,0.0,14.31,731.8499999999999,0.0,93.4406831910149,125.29068319101475
770,representative_week_39,representative_week,5,98,6481,2024-09-27T01:00:00,39,representative_scored,true,21,79.626388888889,0.69,0.0,14.0,724.5,0.0,93.4406831910149,117.94068319101484
771,representative_week_39,representative_week,5,99,6482,2024-09-27T02:00:00,39,representative_scored,true,21,77.210185185185,0.681,0.0,13.28,715.0500000000001,0.0,93.4406831910149,108.49068319101502
772,representative_week_39,representative_week,5,100,6483,2024-09-27T03:00:00,39,representative_scored,true,21,75.910648148148,0.626,0.0,11.89,657.3,0.0,93.4406831910149,50.740683191014796
773,representative_week_39,representative_week,5,101,6484,2024-09-27T04:00:00,39,representative_scored,true,21,84.775462962963,0.568,0.0,11.31,596.4,0.0,94.33718473689146,0.0
774,representative_week_39,representative_week,5,102,6485,2024-09-27T05:00:00,39,representative_scored,true,21,77.064351851852,0.513,0.0,11.17,538.65,0.0,93.4406831910149,0.0
775,representative_week_39,representative_week,5,103,6486,2024-09-27T06:00:00,39,representative_scored,true,21,73.587037037037,0.471,0.0,11.24,494.54999999999995,0.0,93.4406831910149,0.0
776,representative_week_39,representative_week,5,104,6487,2024-09-27T07:00:00,39,representative_scored,true,21,84.423148148148,0.333,0.11798583418699998,10.93,349.65000000000003,23.597166837399996,94.15928703769659,0.0
777,representative_week_39,representative_week,5,105,6488,2024-09-27T08:00:00,39,representative_scored,true,21,86.982407407407,0.17,0.30499506774675,14.24,178.5,60.99901354935,95.45155836640716,0.0
778,representative_week_39,representative_week,5,106,6489,2024-09-27T09:00:00,39,representative_scored,true,21,94.177314814815,0.159,0.5031154394751876,19.49,166.95,100.62308789503751,99.08455198426081,0.0
779,representative_week_39,representative_week,5,107,6490,2024-09-27T10:00:00,39,representative_scored,true,21,94.078703703704,0.105,0.6353232169216876,21.44,110.25,127.06464338433751,99.0347593299527,0.0
780,representative_week_39,representative_week,5,108,6491,2024-09-27T11:00:00,39,representative_scored,true,21,98.177314814815,0.079,0.68797990838115,22.64,82.95,137.59598167623,101.1043103561965,0.0
781,representative_week_39,representative_week,5,109,6492,2024-09-27T12:00:00,39,representative_scored,true,21,86.194444444444,0.072,0.7287718086387501,23.45,75.6,145.75436172775002,95.05368466860222,0.0
782,representative_week_39,representative_week,5,110,6493,2024-09-27T13:00:00,39,representative_scored,true,21,97.671296296296,0.075,0.6730812528667499,24.19,78.75,134.61625057335,100.84880157141319,0.0
783,representative_week_39,representative_week,5,111,6494,2024-09-27T14:00:00,39,representative_scored,true,21,96.9125,0.083,0.5079027755676875,24.04,87.15,101.5805551135375,100.46565527840377,0.0
784,representative_week_39,representative_week,5,112,6495,2024-09-27T15:00:00,39,representative_scored,true,21,104.05787037037,0.088,0.433879711808,24.26,92.39999999999999,86.7759423616,104.0736356849378,0.0
785,representative_week_39,representative_week,5,113,6496,2024-09-27T16:00:00,39,representative_scored,true,21,100.038425925926,0.089,0.2948101325446875,24.14,93.44999999999999,58.962026508937505,102.04405904313874,0.0
786,representative_week_39,representative_week,5,114,6497,2024-09-27T17:00:00,39,representative_scored,true,21,95.930555555556,0.097,0.11395080940619999,23.68,101.85000000000001,22.79016188124,99.96983265029338,0.0
787,representative_week_39,representative_week,5,115,6498,2024-09-27T18:00:00,39,representative_scored,true,21,87.225462962963,0.21,0.008363599934687502,22.65,220.5,1.6727199869375005,95.57428673970207,0.0
788,representative_week_39,representative_week,5,116,6499,2024-09-27T19:00:00,39,representative_scored,true,21,93.081944444444,0.494,0.0,21.71,518.7,0.0,98.531456115279,0.0
789,representative_week_39,representative_week,5,117,6500,2024-09-27T20:00:00,39,representative_scored,true,21,88.876851851852,0.69,0.0,21.23,724.5,0.0,96.40813837311588,120.90813837311589
790,representative_week_39,representative_week,5,118,6501,2024-09-27T21:00:00,39,representative_scored,true,21,86.087037037037,0.739,0.0,19.93,775.95,0.0,94.99945041602268,170.94945041602273
791,representative_week_39,representative_week,5,119,6502,2024-09-27T22:00:00,39,representative_scored,true,21,86.056481481481,0.739,0.0,17.41,775.95,0.0,94.9840217062368,170.93402170623688
792,representative_week_39,representative_week,5,120,6503,2024-09-27T23:00:00,39,representative_scored,true,21,85.438425925926,0.758,0.0,15.5,795.9,0.0,94.67194098557344,190.5719409855734
793,representative_week_39,representative_week,5,121,6504,2024-09-28T00:00:00,39,representative_scored,true,21,84.964351851852,0.786,0.0,14.45,825.3000000000001,0.0,94.43256221556629,219.7325622155663
794,representative_week_39,representative_week,5,122,6505,2024-09-28T01:00:00,39,representative_scored,true,21,88.257407407407,0.803,0.0,13.92,843.1500000000001,0.0,96.09535634746167,239.24535634746178
795,representative_week_39,representative_week,5,123,6506,2024-09-28T02:00:00,39,representative_scored,true,21,85.28287037037,0.795,0.0,13.73,834.75,0.0,94.59339482666458,229.34339482666462
796,representative_week_39,representative_week,5,124,6507,2024-09-28T03:00:00,39,representative_scored,true,21,78.400925925926,0.731,0.0,14.34,767.55,0.0,93.4406831910149,160.9906831910148
797,representative_week_39,representative_week,5,125,6508,2024-09-28T04:00:00,39,representative_scored,true,21,84.476388888889,0.667,0.0,13.97,700.35,0.0,94.1861703956565,94.53617039565654
798,representative_week_39,representative_week,5,126,6509,2024-09-28T05:00:00,39,representative_scored,true,21,83.354166666667,0.584,0.0,13.69,613.1999999999999,0.0,93.61951596353018,6.81951596353008
799,representative_week_39,representative_week,5,127,6510,2024-09-28T06:00:00,39,representative_scored,true,21,80.956018518519,0.473,0.0,13.56,496.65,0.0,93.4406831910149,0.0
800,representative_week_39,representative_week,5,128,6511,2024-09-28T07:00:00,39,representative_scored,true,21,86.56712962963,0.301,0.11885287692479998,13.04,316.05,23.770575384959997,95.24186817432117,0.0
801,representative_week_39,representative_week,5,129,6512,2024-09-28T08:00:00,39,representative_scored,true,21,91.060185185185,0.16,0.3128973497016,16.1,168.0,62.579469940319996,97.51058981779728,0.0
802,representative_week_39,representative_week,5,130,6513,2024-09-28T09:00:00,39,representative_scored,true,21,101.603240740741,0.127,0.49200287164034995,20.17,133.35,98.40057432807,102.83419599882664,0.0
803,representative_week_39,representative_week,5,131,6514,2024-09-28T10:00:00,39,representative_scored,true,21,100.292592592593,0.06,0.6464288525728,21.81,63.0,129.28577051456,102.17239785635564,0.0
804,representative_week_39,representative_week,5,132,6515,2024-09-28T11:00:00,39,representative_scored,true,21,100.185648148148,0.039,0.7111701219376874,22.97,40.95,142.23402438753746,102.1183973721057,0.0
805,representative_week_39,representative_week,5,133,6516,2024-09-28T12:00:00,39,representative_scored,true,21,89.662962962963,0.038,0.7464882526486875,23.94,39.9,149.2976505297375,96.8050769976004,0.0
806,representative_week_39,representative_week,5,134,6517,2024-09-28T13:00:00,39,representative_scored,true,21,92.007407407407,0.043,0.59978071227035,24.55,45.15,119.95614245407,97.98887982115139,0.0
807,representative_week_39,representative_week,5,135,6518,2024-09-28T14:00:00,39,representative_scored,true,21,102.137962962963,0.056,0.5454624464975873,24.54,58.800000000000004,109.09248929951747,103.1041984200749,0.0
808,representative_week_39,representative_week,5,136,6519,2024-09-28T15:00:00,39,representative_scored,true,21,106.730092592593,0.08,0.452032159744,24.96,84.0,90.4064319488,105.42294648618969,0.0
809,representative_week_39,representative_week,5,137,6520,2024-09-28T16:00:00,39,representative_scored,true,21,100.998611111111,0.128,0.3037848149581875,24.69,134.4,60.7569629916375,102.52889455973525,0.0
810,representative_week_39,representative_week,5,138,6521,2024-09-28T17:00:00,39,representative_scored,true,21,90.030092592593,0.222,0.12421859504208752,24.0,233.1,24.8437190084175,96.99045528335812,0.0
811,representative_week_39,representative_week,5,139,6522,2024-09-28T18:00:00,39,representative_scored,true,21,87.902314814815,0.474,0.0078993808416,22.83,497.7,1.5798761683200002,95.91605603828664,0.0
812,representative_week_39,representative_week,5,140,6523,2024-09-28T19:00:00,39,representative_scored,true,21,90.071759259259,0.732,0.0,21.51,768.6,0.0,97.01149443306544,165.61149443306545
813,representative_week_39,representative_week,5,141,6524,2024-09-28T20:00:00,39,representative_scored,true,21,86.441666666667,0.792,0.0,21.43,831.6,0.0,95.17851695686808,226.7785169568681
814,representative_week_39,representative_week,5,142,6525,2024-09-28T21:00:00,39,representative_scored,true,21,83.939351851852,0.796,0.0,21.18,835.8000000000001,0.0,93.91499913275774,229.71499913275784
815,representative_week_39,representative_week,5,143,6526,2024-09-28T22:00:00,39,representative_scored,true,21,82.147685185185,0.803,0.0,20.81,843.1500000000001,0.0,93.4406831910149,236.59068319101493
816,representative_week_39,representative_week,5,144,6527,2024-09-28T23:00:00,39,representative_scored,true,21,73.9875,0.824,0.0,18.49,865.1999999999999,0.0,93.4406831910149,258.6406831910149
817,representative_week_39,representative_week,5,145,6528,2024-09-29T00:00:00,39,representative_scored,true,21,58.916203703704,0.84,0.0,16.17,882.0,0.0,93.4406831910149,275.44068319101484
818,representative_week_39,representative_week,5,146,6529,2024-09-29T01:00:00,39,representative_scored,true,21,56.369444444444,0.81,0.0,14.53,850.5,0.0,93.4406831910149,243.94068319101484
819,representative_week_39,representative_week,5,147,6530,2024-09-29T02:00:00,39,representative_scored,true,21,56.800462962963,0.752,0.0,13.73,789.6,0.0,93.4406831910149,183.04068319101498
820,representative_week_39,representative_week,5,148,6531,2024-09-29T03:00:00,39,representative_scored,true,21,54.446296296296,0.7,0.0,13.52,735.0,0.0,93.4406831910149,128.44068319101484
821,representative_week_39,representative_week,5,149,6532,2024-09-29T04:00:00,39,representative_scored,true,21,57.853703703704,0.64,0.0,13.23,672.0,0.0,93.4406831910149,65.44068319101484
822,representative_week_39,representative_week,5,150,6533,2024-09-29T05:00:00,39,representative_scored,true,21,59.434259259259,0.556,0.0,12.86,583.8000000000001,0.0,93.4406831910149,0.0
823,representative_week_39,representative_week,5,151,6534,2024-09-29T06:00:00,39,representative_scored,true,21,49.974537037037,0.477,0.0,12.49,500.84999999999997,0.0,93.4406831910149,0.0
824,representative_week_39,representative_week,5,152,6535,2024-09-29T07:00:00,39,representative_scored,true,21,54.925,0.38,0.1238084593865875,12.24,399.0,24.7616918773175,93.4406831910149,0.0
825,representative_week_39,representative_week,5,153,6536,2024-09-29T08:00:00,39,representative_scored,true,21,65.760185185185,0.319,0.33109199857558747,15.69,334.95,66.2183997151175,93.4406831910149,0.0
826,representative_week_39,representative_week,5,154,6537,2024-09-29T09:00:00,39,representative_scored,true,21,77.538888888889,0.463,0.512424998963,20.81,486.15000000000003,102.4849997926,93.4406831910149,0.0
827,representative_week_39,representative_week,5,155,6538,2024-09-29T10:00:00,39,representative_scored,true,21,83.440740740741,0.5,0.6366993108223999,22.55,525.0,127.33986216448,93.66323064125609,46.00309280573606
828,representative_week_39,representative_week,5,156,6539,2024-09-29T11:00:00,39,representative_scored,true,21,82.211574074074,0.487,0.6884317888198875,23.62,511.34999999999997,137.6863577639775,93.4406831910149,42.47704095499239
829,representative_week_39,representative_week,5,157,6540,2024-09-29T12:00:00,39,representative_scored,true,21,86.758796296296,0.473,0.6947449474602876,24.4,496.65,138.9489894920575,95.3386482629761,30.93763775503362
830,representative_week_39,representative_week,5,158,6541,2024-09-29T13:00:00,39,representative_scored,true,21,97.05787037037,0.448,0.5778937642793875,25.08,470.40000000000003,115.57875285587751,100.5390585340503,0.0
831,representative_week_39,representative_week,5,159,6542,2024-09-29T14:00:00,39,representative_scored,true,21,99.022222222222,0.413,0.5550733803632876,25.2,433.65,111.01467607265751,101.53093755860169,0.0
832,representative_week_39,representative_week,5,160,6543,2024-09-29T15:00:00,39,representative_scored,true,21,94.989814814815,0.365,0.39799311776235,25.62,383.25,79.59862355247,99.49481540356022,0.0
833,representative_week_39,representative_week,5,161,6544,2024-09-29T16:00:00,39,representative_scored,true,21,94.985185185185,0.324,0.2935042694576875,24.99,340.2,58.7008538915375,99.49247772025919,0.0
834,representative_week_39,representative_week,5,162,6545,2024-09-29T17:00:00,39,representative_scored,true,21,93.765740740741,0.342,0.1332289332894,24.49,359.1,26.64578665788,98.8767319388151,0.0
835,representative_week_39,representative_week,5,163,6546,2024-09-29T18:00:00,39,representative_scored,true,21,80.490740740741,0.546,0.007007638244287498,23.5,573.3000000000001,1.4015276488574997,93.4406831910149,0.0
836,representative_week_39,representative_week,5,164,6547,2024-09-29T19:00:00,39,representative_scored,true,21,74.479166666667,0.743,0.0,22.4,780.15,0.0,93.4406831910149,173.59068319101493
837,representative_week_39,representative_week,5,165,6548,2024-09-29T20:00:00,39,representative_scored,true,21,77.95462962963,0.78,0.0,22.1,819.0,0.0,93.4406831910149,212.44068319101484
838,representative_week_39,representative_week,5,166,6549,2024-09-29T21:00:00,39,representative_scored,true,21,73.236111111111,0.789,0.0,21.75,828.45,0.0,93.4406831910149,221.8906831910149
839,representative_week_39,representative_week,5,167,6550,2024-09-29T22:00:00,39,representative_scored,true,21,72.468518518519,0.794,0.0,21.07,833.7,0.0,93.4406831910149,227.1406831910149
840,representative_week_39,representative_week,5,168,6551,2024-09-29T23:00:00,39,representative_scored,true,21,70.464351851852,0.82,0.0,18.78,861.0,0.0,93.4406831910149,254.44068319101484
841,representative_week_48,representative_week,6,1,7896,2024-11-25T00:00:00,48,representative_scored,true,4,324.56712962963,0.247,0.0,1.79,259.35,0.0,215.41749130449566,0.0
842,representative_week_48,representative_week,6,2,7897,2024-11-25T01:00:00,48,representative_scored,true,4,337.487037037037,0.274,0.0,1.35,287.70000000000005,0.0,221.94126409218174,0.0
843,representative_week_48,representative_week,6,3,7898,2024-11-25T02:00:00,48,representative_scored,true,4,335.67962962963,0.308,0.0,1.27,323.4,0.0,221.02863253152958,0.0
844,representative_week_48,representative_week,6,4,7899,2024-11-25T03:00:00,48,representative_scored,true,4,328.841666666667,0.36,0.0,0.81,378.0,0.0,217.57587429617183,0.0
845,representative_week_48,representative_week,6,5,7900,2024-11-25T04:00:00,48,representative_scored,true,4,327.306018518519,0.421,0.0,0.13,442.05,0.0,216.80046474527947,0.0
846,representative_week_48,representative_week,6,6,7901,2024-11-25T05:00:00,48,representative_scored,true,4,330.913888888889,0.476,0.0,0.0,499.79999999999995,0.0,218.6222213416329,18.42222134163285
847,representative_week_48,representative_week,6,7,7902,2024-11-25T06:00:00,48,representative_scored,true,4,345.125925925926,0.578,0.0,-0.01,606.9,0.0,225.79844153858684,132.69844153858685
848,representative_week_48,representative_week,6,8,7903,2024-11-25T07:00:00,48,representative_scored,true,4,334.175,0.601,0.0,-0.19,631.05,0.0,220.2688854587526,151.31888545875256
849,representative_week_48,representative_week,6,9,7904,2024-11-25T08:00:00,48,representative_scored,true,4,367.347685185185,0.597,0.15786056261478754,-0.5,626.85,31.572112522957507,237.01908761434385,195.4412001373014
850,representative_week_48,representative_week,6,10,7905,2024-11-25T09:00:00,48,representative_scored,true,4,368.903703703704,0.748,0.3246536448202875,0.8,785.4,64.93072896405751,237.80478297176032,388.13551193581793
851,representative_week_48,representative_week,6,11,7906,2024-11-25T10:00:00,48,representative_scored,true,4,368.308333333333,0.796,0.4562539342412875,2.58,835.8000000000001,91.2507868482575,237.50415689927047,464.5549437475281
852,representative_week_48,representative_week,6,12,7907,2024-11-25T11:00:00,48,representative_scored,true,4,367.569444444444,0.813,0.4296977191100874,3.9,853.65,85.93954382201748,237.1310626444545,476.72060646647196
853,representative_week_48,representative_week,6,13,7908,2024-11-25T12:00:00,48,representative_scored,true,4,350.224074074074,0.833,0.4113088311074875,4.89,874.65,82.2617662214975,228.37269838948444,485.284464610982
854,representative_week_48,representative_week,6,14,7909,2024-11-25T13:00:00,48,representative_scored,true,4,325.739351851852,0.827,0.2363987544429875,5.59,868.3499999999999,47.2797508885975,216.00939271627112,431.6391436048684
855,representative_week_48,representative_week,6,15,7910,2024-11-25T14:00:00,48,representative_scored,true,4,322.588425925926,0.794,0.20167404823338753,6.03,833.7,40.334809646677506,214.41836546171155,388.45317510838913
856,representative_week_48,representative_week,6,16,7911,2024-11-25T15:00:00,48,representative_scored,true,4,330.511574074074,0.759,0.1969656415966,6.3,796.95,39.39312831932,218.41907666278877,354.76220498210887
857,representative_week_48,representative_week,6,17,7912,2024-11-25T16:00:00,48,representative_scored,true,4,341.97037037037,0.714,0.09645504670515,6.35,749.6999999999999,19.291009341029998,224.2050766007262,293.1960859417561
858,representative_week_48,representative_week,6,18,7913,2024-11-25T17:00:00,48,representative_scored,true,4,371.530555555556,0.656,0.0062975884290875,5.8,688.8000000000001,1.2595176858175,239.13118447666352,229.1907021624811
859,representative_week_48,representative_week,6,19,7914,2024-11-25T18:00:00,48,representative_scored,true,4,394.829166666667,0.669,0.0,4.87,702.45,0.0,250.89557568819868,253.34557568819878
860,representative_week_48,representative_week,6,20,7915,2024-11-25T19:00:00,48,representative_scored,true,4,389.157407407407,0.663,0.0,4.18,696.1500000000001,0.0,248.03167987632511,244.18167987632523
861,representative_week_48,representative_week,6,21,7916,2024-11-25T20:00:00,48,representative_scored,true,4,381.175,0.652,0.0,3.41,684.6,0.0,244.00104632899715,228.6010463289972
862,representative_week_48,representative_week,6,22,7917,2024-11-25T21:00:00,48,representative_scored,true,4,362.884722222222,0.663,0.0,3.42,696.1500000000001,0.0,234.765560912323,230.91556091232314
863,representative_week_48,representative_week,6,23,7918,2024-11-25T22:00:00,48,representative_scored,true,4,354.358796296296,0.672,0.0,3.72,705.6,0.0,230.4604833454748,236.06048334547484
864,representative_week_48,representative_week,6,24,7919,2024-11-25T23:00:00,48,representative_scored,true,4,346.002777777778,0.682,0.0,3.32,716.1,0.0,226.24119875576815,242.34119875576812
865,representative_week_48,representative_week,6,25,7920,2024-11-26T00:00:00,48,representative_scored,true,4,339.881018518518,0.686,0.0,2.84,720.3000000000001,0.0,223.1500801270518,243.45008012705193
866,representative_week_48,representative_week,6,26,7921,2024-11-26T01:00:00,48,representative_scored,true,4,348.991203703704,0.683,0.0,2.51,717.1500000000001,0.0,227.75017332646786,244.9001733264679
867,representative_week_48,representative_week,6,27,7922,2024-11-26T02:00:00,48,representative_scored,true,4,348.660185185185,0.667,0.0,2.24,700.35,0.0,227.58302897045672,227.9330289704567
868,representative_week_48,representative_week,6,28,7923,2024-11-26T03:00:00,48,representative_scored,true,4,345.113888888889,0.63,0.0,1.72,661.5,0.0,225.7923635620046,187.29236356200454
869,representative_week_48,representative_week,6,29,7924,2024-11-26T04:00:00,48,representative_scored,true,4,331.061574074074,0.591,0.0,1.41,620.55,0.0,218.69679343892992,139.2467934389299
870,representative_week_48,representative_week,6,30,7925,2024-11-26T05:00:00,48,representative_scored,true,4,315.943055555556,0.549,0.0,1.69,576.45,0.0,211.06285485166947,87.51285485166954
871,representative_week_48,representative_week,6,31,7926,2024-11-26T06:00:00,48,representative_scored,true,4,327.825,0.51,0.0,1.31,535.5,0.0,217.06251904330463,52.56251904330463
872,representative_week_48,representative_week,6,32,7927,2024-11-26T07:00:00,48,representative_scored,true,4,324.556481481481,0.442,0.0,1.59,464.1,0.0,215.41211463290324,0.0
873,representative_week_48,representative_week,6,33,7928,2024-11-26T08:00:00,48,representative_scored,true,4,345.356018518519,0.299,0.15735448311468753,1.38,313.95,31.470896622937506,225.91462439863938,0.0
874,representative_week_48,representative_week,6,34,7929,2024-11-26T09:00:00,48,representative_scored,true,4,351.703703703704,0.131,0.2741601941610875,2.09,137.55,54.8320388322175,229.11982197243674,0.0
875,representative_week_48,representative_week,6,35,7930,2024-11-26T10:00:00,48,representative_scored,true,4,354.044907407407,0.073,0.3920165031976875,3.26,76.64999999999999,78.4033006395375,230.301988417677,0.0
876,representative_week_48,representative_week,6,36,7931,2024-11-26T11:00:00,48,representative_scored,true,4,364.253703703704,0.026,0.5865891682245874,4.36,27.299999999999997,117.31783364491749,235.456813864385,0.0
877,representative_week_48,representative_week,6,37,7932,2024-11-26T12:00:00,48,representative_scored,true,4,364.428703703704,0.014,0.5695055682307499,5.69,14.700000000000001,113.90111364614998,235.54517829315722,0.0
878,representative_week_48,representative_week,6,38,7933,2024-11-26T13:00:00,48,representative_scored,true,4,367.752314814815,0.016,0.5559844872220876,6.6,16.8,111.19689744441752,237.22340113483847,0.0
879,representative_week_48,representative_week,6,39,7934,2024-11-26T14:00:00,48,representative_scored,true,4,367.636111111111,0.035,0.37080322300034996,7.17,36.75,74.16064460006999,237.1647252839869,0.0
880,representative_week_48,representative_week,6,40,7935,2024-11-26T15:00:00,48,representative_scored,true,4,369.737037037037,0.076,0.2721433649675875,6.6,79.8,54.4286729935175,238.22556596591338,0.0
881,representative_week_48,representative_week,6,41,7936,2024-11-26T16:00:00,48,representative_scored,true,4,341.745833333333,0.142,0.10399673749968748,6.34,149.1,20.799347499937497,224.0916989606349,0.0
882,representative_week_48,representative_week,6,42,7937,2024-11-26T17:00:00,48,representative_scored,true,4,351.126851851852,0.239,0.00817561649875,5.52,250.95,1.63512329975,228.82854663315058,0.0
883,representative_week_48,representative_week,6,43,7938,2024-11-26T18:00:00,48,representative_scored,true,4,352.596759259259,0.274,0.0,4.81,287.70000000000005,0.0,229.57076108117067,0.0
884,representative_week_48,representative_week,6,44,7939,2024-11-26T19:00:00,48,representative_scored,true,4,369.172685185185,0.249,0.0,4.03,261.45,0.0,237.94060237153954,0.0
885,representative_week_48,representative_week,6,45,7940,2024-11-26T20:00:00,48,representative_scored,true,4,365.117592592593,0.194,0.0,4.45,203.70000000000002,0.0,235.89302556832396,0.0
886,representative_week_48,representative_week,6,46,7941,2024-11-26T21:00:00,48,representative_scored,true,4,348.90462962963,0.138,0.0,4.36,144.9,0.0,227.70645864874197,0.0
887,representative_week_48,representative_week,6,47,7942,2024-11-26T22:00:00,48,representative_scored,true,4,352.420833333333,0.105,0.0,3.79,110.25,0.0,229.48192911573832,0.0
888,representative_week_48,representative_week,6,48,7943,2024-11-26T23:00:00,48,representative_scored,true,4,334.577777777778,0.088,0.0,3.85,92.39999999999999,0.0,220.4722639059268,0.0
889,representative_week_48,representative_week,6,49,7944,2024-11-27T00:00:00,48,representative_scored,true,4,328.044444444444,0.069,0.0,4.29,72.45,0.0,217.17332523176484,0.0
890,representative_week_48,representative_week,6,50,7945,2024-11-27T01:00:00,48,representative_scored,true,4,329.781481481481,0.046,0.0,4.5,48.3,0.0,218.05042400624427,0.0
891,representative_week_48,representative_week,6,51,7946,2024-11-27T02:00:00,48,representative_scored,true,4,329.555555555555,0.047,0.0,4.56,49.35,0.0,217.9363450611627,0.0
892,representative_week_48,representative_week,6,52,7947,2024-11-27T03:00:00,48,representative_scored,true,4,331.174537037037,0.058,0.0,3.98,60.900000000000006,0.0,218.75383291147074,0.0
893,representative_week_48,representative_week,6,53,7948,2024-11-27T04:00:00,48,representative_scored,true,4,330.901388888889,0.027,0.0,4.08,28.35,0.0,218.61590959672057,0.0
894,representative_week_48,representative_week,6,54,7949,2024-11-27T05:00:00,48,representative_scored,true,4,335.326851851852,0.016,0.0,4.13,16.8,0.0,220.8505010640045,0.0
895,representative_week_48,representative_week,6,55,7950,2024-11-27T06:00:00,48,representative_scored,true,4,340.667592592593,0.025,0.0,4.24,26.25,0.0,223.547252519867,0.0
896,representative_week_48,representative_week,6,56,7951,2024-11-27T07:00:00,48,representative_scored,true,4,347.693055555556,0.051,0.0,4.3,53.55,0.0,227.09468692890914,0.0
897,representative_week_48,representative_week,6,57,7952,2024-11-27T08:00:00,48,representative_scored,true,4,351.383333333333,0.031,0.0560401812126,4.4,32.55,11.20803624252,228.9580542880175,0.0
898,representative_week_48,representative_week,6,58,7953,2024-11-27T09:00:00,48,representative_scored,true,4,353.875925925926,0.005,0.11402943142158749,3.76,5.25,22.8058862843175,230.2166629771962,0.0
899,representative_week_48,representative_week,6,59,7954,2024-11-27T10:00:00,48,representative_scored,true,4,355.111574074074,0.004,0.1094562502844875,4.86,4.2,21.891250056897498,230.84059065019335,0.0
900,representative_week_48,representative_week,6,60,7955,2024-11-27T11:00:00,48,representative_scored,true,4,346.376388888889,0.016,0.2747621278008,4.94,16.8,54.95242556016,226.42984979814682,0.0
901,representative_week_48,representative_week,6,61,7956,2024-11-27T12:00:00,48,representative_scored,true,4,348.846759259259,0.039,0.36296934058488756,5.62,40.95,72.59386811697752,227.677237607481,0.0
902,representative_week_48,representative_week,6,62,7957,2024-11-27T13:00:00,48,representative_scored,true,4,357.358333333333,0.052,0.35188074356875,6.15,54.599999999999994,70.37614871375,231.97506835609647,0.0
903,representative_week_48,representative_week,6,63,7958,2024-11-27T14:00:00,48,representative_scored,true,4,361.415740740741,0.056,0.34035789490880003,6.76,58.800000000000004,68.07157898176001,234.02381400096306,0.0
904,representative_week_48,representative_week,6,64,7959,2024-11-27T15:00:00,48,representative_scored,true,4,353.073611111111,0.066,0.19236444021899998,6.66,69.3,38.4728880438,229.8115424611585,0.0
905,representative_week_48,representative_week,6,65,7960,2024-11-27T16:00:00,48,representative_scored,true,4,328.968518518519,0.102,0.08641399415138751,6.47,107.1,17.2827988302775,217.63992681861524,0.0
906,representative_week_48,representative_week,6,66,7961,2024-11-27T17:00:00,48,representative_scored,true,4,340.0125,0.217,0.0049172488174874995,5.69,227.85,0.9834497634974999,223.21647033279626,0.0
907,representative_week_48,representative_week,6,67,7962,2024-11-27T18:00:00,48,representative_scored,true,4,346.123611111111,0.405,0.0,4.59,425.25,0.0,226.30221228992022,0.0
908,representative_week_48,representative_week,6,68,7963,2024-11-27T19:00:00,48,representative_scored,true,4,350.492592592593,0.564,0.0,4.14,592.1999999999999,0.0,228.508284020934,120.70828402093389
909,representative_week_48,representative_week,6,69,7964,2024-11-27T20:00:00,48,representative_scored,true,4,347.668981481481,0.664,0.0,3.55,697.2,0.0,227.08253097574425,224.2825309757443
910,representative_week_48,representative_week,6,70,7965,2024-11-27T21:00:00,48,representative_scored,true,4,325.874537037037,0.686,0.0,3.37,720.3000000000001,0.0,216.0776530686559,236.37765306865595
911,representative_week_48,representative_week,6,71,7966,2024-11-27T22:00:00,48,representative_scored,true,4,316.213888888889,0.696,0.0,3.05,730.8,0.0,211.19960932476914,241.99960932476915
912,representative_week_48,representative_week,6,72,7967,2024-11-27T23:00:00,48,representative_scored,true,4,314.658333333333,0.704,0.0,2.46,739.1999999999999,0.0,210.4141477356828,249.61414773568276
913,representative_week_48,representative_week,6,73,7968,2024-11-28T00:00:00,48,representative_scored,true,4,316.522685185185,0.702,0.0,2.21,737.0999999999999,0.0,211.3555328009358,248.45553280093577
914,representative_week_48,representative_week,6,74,7969,2024-11-28T01:00:00,48,representative_scored,true,4,302.812037037037,0.672,0.0,1.62,705.6,0.0,204.4324837054641,210.03248370546407
915,representative_week_48,representative_week,6,75,7970,2024-11-28T02:00:00,48,representative_scored,true,4,313.499074074074,0.637,0.0,1.34,668.85,0.0,209.8287918371497,178.67879183714967
916,representative_week_48,representative_week,6,76,7971,2024-11-28T03:00:00,48,representative_scored,true,4,308.374074074074,0.612,0.0,1.45,642.6,0.0,207.24097642310707,149.84097642310712
917,representative_week_48,representative_week,6,77,7972,2024-11-28T04:00:00,48,representative_scored,true,4,310.020833333333,0.609,0.0,0.93,639.4499999999999,0.0,208.0724903732198,147.52249037321974
918,representative_week_48,representative_week,6,78,7973,2024-11-28T05:00:00,48,representative_scored,true,4,329.215740740741,0.6,0.0,0.58,630.0,0.0,217.76475910688063,147.76475910688066
919,representative_week_48,representative_week,6,79,7974,2024-11-28T06:00:00,48,representative_scored,true,4,340.165740740741,0.597,0.0,0.26,626.85,0.0,223.2938476500546,150.14384765005457
920,representative_week_48,representative_week,6,80,7975,2024-11-28T07:00:00,48,representative_scored,true,4,339.031944444444,0.612,0.0,0.23,642.6,0.0,222.7213490096757,165.3213490096757
921,representative_week_48,representative_week,6,81,7976,2024-11-28T08:00:00,48,representative_scored,true,4,327.60787037037,0.588,0.09312942081468749,0.2,617.4,18.6258841629375,216.95288169649456,152.97876585943197
922,representative_week_48,representative_week,6,82,7977,2024-11-28T09:00:00,48,representative_scored,true,4,301.829166666667,0.6,0.2811646414904,1.9,630.0,56.23292829808,203.9361935406935,190.16912183877344
923,representative_week_48,representative_week,6,83,7978,2024-11-28T10:00:00,48,representative_scored,true,4,283.560185185185,0.751,0.34826857752640006,3.09,788.55,69.65371550528002,194.7114614672031,352.9151769724831
924,representative_week_48,representative_week,6,84,7979,2024-11-28T11:00:00,48,representative_scored,true,4,260.637037037037,0.79,0.5448761652292876,3.9,829.5,108.97523304585752,183.13665637136697,421.6118894172246
925,representative_week_48,representative_week,6,85,7980,2024-11-28T12:00:00,48,representative_scored,true,4,282.148148148148,0.789,0.61974863081875,5.4,828.45,123.94972616375,193.9984680604434,446.3981942241935
926,representative_week_48,representative_week,6,86,7981,2024-11-28T13:00:00,48,representative_scored,true,4,285.97037037037,0.77,0.4280569065426874,6.58,808.5,85.61138130853749,195.9284593936263,390.03984070216393
927,representative_week_48,representative_week,6,87,7982,2024-11-28T14:00:00,48,representative_scored,true,4,268.72962962963,0.765,0.3343690148,7.03,803.25,66.87380295999999,187.22292678125567,357.34672974125556
928,representative_week_48,representative_week,6,88,7983,2024-11-28T15:00:00,48,representative_scored,true,4,273.810185185185,0.769,0.13515352679919998,7.47,807.45,27.030705359839995,189.7883004356098,324.26900579544986
929,representative_week_48,representative_week,6,89,7984,2024-11-28T16:00:00,48,representative_scored,true,4,280.782407407407,0.738,0.09459076440678751,6.78,774.9,18.918152881357504,193.30885148669205,287.1270043680496
930,representative_week_48,representative_week,6,90,7985,2024-11-28T17:00:00,48,representative_scored,true,4,291.397222222222,0.679,0.0049890705559499995,6.32,712.95,0.9978141111899999,198.66869175888453,212.61650587007455
931,representative_week_48,representative_week,6,91,7986,2024-11-28T18:00:00,48,representative_scored,true,4,296.089351851852,0.705,0.0,5.42,740.25,0.0,201.0379337842977,241.2879337842977
932,representative_week_48,representative_week,6,92,7987,2024-11-28T19:00:00,48,representative_scored,true,4,292.518981481481,0.719,0.0,4.98,754.9499999999999,0.0,199.23511242268071,254.18511242268062
933,representative_week_48,representative_week,6,93,7988,2024-11-28T20:00:00,48,representative_scored,true,4,293.424537037037,0.692,0.0,3.73,726.5999999999999,0.0,199.69236327632748,226.29236327632736
934,representative_week_48,representative_week,6,94,7989,2024-11-28T21:00:00,48,representative_scored,true,4,292.263888888889,0.673,0.0,3.32,706.6500000000001,0.0,199.10630607280413,205.75630607280425
935,representative_week_48,representative_week,6,95,7990,2024-11-28T22:00:00,48,representative_scored,true,4,277.575925925926,0.637,0.0,2.98,668.85,0.0,191.6897720325226,160.5397720325226
936,representative_week_48,representative_week,6,96,7991,2024-11-28T23:00:00,48,representative_scored,true,4,269.743518518519,0.616,0.0,2.98,646.8,0.0,187.73487942414218,134.5348794241421
937,representative_week_48,representative_week,6,97,7992,2024-11-29T00:00:00,48,representative_scored,true,4,272.651388888889,0.6,0.0,2.95,630.0,0.0,189.20317830540685,119.20317830540682
938,representative_week_48,representative_week,6,98,7993,2024-11-29T01:00:00,48,representative_scored,true,4,269.287037037037,0.591,0.0,2.22,620.55,0.0,187.50438385067798,108.05438385067794
939,representative_week_48,representative_week,6,99,7994,2024-11-29T02:00:00,48,representative_scored,true,4,270.409722222222,0.611,0.0,1.21,641.55,0.0,188.0712720511344,129.62127205113438
940,representative_week_48,representative_week,6,100,7995,2024-11-29T03:00:00,48,representative_scored,true,4,274.093055555556,0.597,0.0,1.56,626.85,0.0,189.9311328852922,116.78113288529221
941,representative_week_48,representative_week,6,101,7996,2024-11-29T04:00:00,48,representative_scored,true,4,278.000462962963,0.591,0.0,1.3,620.55,0.0,191.90413759121066,112.45413759121061
942,representative_week_48,representative_week,6,102,7997,2024-11-29T05:00:00,48,representative_scored,true,4,289.09537037037,0.574,0.0,1.25,602.6999999999999,0.0,197.50639562170107,100.20639562170095
943,representative_week_48,representative_week,6,103,7998,2024-11-29T06:00:00,48,representative_scored,true,4,302.205092592593,0.587,0.0,1.05,616.3499999999999,0.0,204.12601342472271,120.47601342472262
944,representative_week_48,representative_week,6,104,7999,2024-11-29T07:00:00,48,representative_scored,true,4,292.718518518518,0.631,0.0,0.94,662.55,0.0,199.3358665729474,161.8858665729474
945,representative_week_48,representative_week,6,105,8000,2024-11-29T08:00:00,48,representative_scored,true,4,312.221296296296,0.585,0.15171067730875,0.81,614.25,30.342135461750004,209.18359124611456,153.77572670786458
946,representative_week_48,representative_week,6,106,8001,2024-11-29T09:00:00,48,representative_scored,true,4,338.40787037037,0.492,0.2548884554398,1.89,516.6,50.97769108796,222.40622930072095,89.98392038868099
947,representative_week_48,representative_week,6,107,8002,2024-11-29T10:00:00,48,representative_scored,true,4,330.768981481481,0.562,0.39015968268878753,3.58,590.1,78.0319365377575,218.5490518543159,186.68098839207346
948,representative_week_48,representative_week,6,108,8003,2024-11-29T11:00:00,48,representative_scored,true,4,322.056481481482,0.624,0.3846049690477875,4.6,655.2,76.9209938095575,214.14976565044395,246.2707594600015
949,representative_week_48,representative_week,6,109,8004,2024-11-29T12:00:00,48,representative_scored,true,4,313.024074074074,0.694,0.2954676495436875,5.18,728.6999999999999,59.093529908737494,209.58894553048236,297.3824754392199
950,representative_week_48,representative_week,6,110,8005,2024-11-29T13:00:00,48,representative_scored,true,4,315.033796296296,0.729,0.28859321677680005,5.41,765.4499999999999,57.71864335536001,210.60373385138186,333.7723772067418
951,representative_week_48,representative_week,6,111,8006,2024-11-29T14:00:00,48,representative_scored,true,4,316.836574074074,0.729,0.1388530428846,5.53,765.4499999999999,27.770608576919997,211.51402772873357,304.73463630565357
952,representative_week_48,representative_week,6,112,8007,2024-11-29T15:00:00,48,representative_scored,true,4,304.631018518518,0.755,0.2002736797162875,4.55,792.75,40.054735943257505,205.35095947436838,338.155695417626
953,representative_week_48,representative_week,6,113,8008,2024-11-29T16:00:00,48,representative_scored,true,4,313.308333333333,0.728,0.04580635029075,4.58,764.4,9.16127005815,209.7324792851545,283.2937493433044
954,representative_week_48,representative_week,6,114,8009,2024-11-29T17:00:00,48,representative_scored,true,4,315.941666666667,0.612,0.0045399871435875,3.91,642.6,0.9079974287175,211.06215354667918,154.5701509753967
955,representative_week_48,representative_week,6,115,8010,2024-11-29T18:00:00,48,representative_scored,true,4,332.733333333333,0.468,0.0,3.3,491.40000000000003,0.0,219.54093087886727,10.940930878867334
956,representative_week_48,representative_week,6,116,8011,2024-11-29T19:00:00,48,representative_scored,true,4,325.050925925926,0.386,0.0,3.03,405.3,0.0,215.6617792094345,0.0
957,representative_week_48,representative_week,6,117,8012,2024-11-29T20:00:00,48,representative_scored,true,4,318.390277777778,0.333,0.0,2.56,349.65000000000003,0.0,212.29855424449948,0.0
958,representative_week_48,representative_week,6,118,8013,2024-11-29T21:00:00,48,representative_scored,true,4,323.452777777778,0.312,0.0,2.15,327.6,0.0,214.85481093398062,0.0
959,representative_week_48,representative_week,6,119,8014,2024-11-29T22:00:00,48,representative_scored,true,4,304.228703703704,0.309,0.0,2.16,324.45,0.0,205.14781479552482,0.0
960,representative_week_48,representative_week,6,120,8015,2024-11-29T23:00:00,48,representative_scored,true,4,304.531481481481,0.335,0.0,2.16,351.75,0.0,205.30069928340012,0.0
961,representative_week_48,representative_week,6,121,8016,2024-11-30T00:00:00,48,representative_scored,true,4,299.923148148148,0.372,0.0,1.99,390.6,0.0,202.97376932573272,0.0
962,representative_week_48,representative_week,6,122,8017,2024-11-30T01:00:00,48,representative_scored,true,4,298.793518518519,0.367,0.0,1.69,385.34999999999997,0.0,202.40337460032526,0.0
963,representative_week_48,representative_week,6,123,8018,2024-11-30T02:00:00,48,representative_scored,true,4,307.680555555556,0.287,0.0,1.54,301.34999999999997,0.0,206.89079146463982,0.0
964,representative_week_48,representative_week,6,124,8019,2024-11-30T03:00:00,48,representative_scored,true,4,307.949074074074,0.227,0.0,0.68,238.35,0.0,207.0263770960889,0.0
965,representative_week_48,representative_week,6,125,8020,2024-11-30T04:00:00,48,representative_scored,true,4,302.5125,0.193,0.0,0.85,202.65,0.0,204.281235595899,0.0
966,representative_week_48,representative_week,6,126,8021,2024-11-30T05:00:00,48,representative_scored,true,4,328.544907407407,0.177,0.0,1.31,185.85,0.0,217.42602879658685,0.0
967,representative_week_48,representative_week,6,127,8022,2024-11-30T06:00:00,48,representative_scored,true,4,329.239814814815,0.17,0.0,1.42,178.5,0.0,217.776915060045,0.0
968,representative_week_48,representative_week,6,128,8023,2024-11-30T07:00:00,48,representative_scored,true,4,327.129166666667,0.164,0.0,0.86,172.20000000000002,0.0,216.71116524318685,0.0
969,representative_week_48,representative_week,6,129,8024,2024-11-30T08:00:00,48,representative_scored,true,4,326.2625,0.147,0.0717989208505875,0.9,154.35,14.359784170117502,216.2735509292673,0.0
970,representative_week_48,representative_week,6,130,8025,2024-11-30T09:00:00,48,representative_scored,true,4,327.709722222222,0.152,0.2056070515237875,1.83,159.6,41.1214103047575,217.00431072911334,0.0
971,representative_week_48,representative_week,6,131,8026,2024-11-30T10:00:00,48,representative_scored,true,4,332.413888888889,0.134,0.2463300470505875,3.65,140.70000000000002,49.2660094101175,219.37963073110876,0.0
972,representative_week_48,representative_week,6,132,8027,2024-11-30T11:00:00,48,representative_scored,true,4,323.9875,0.14,0.4964355890999999,3.84,147.0,99.28711781999998,215.12481335522884,0.0
973,representative_week_48,representative_week,6,133,8028,2024-11-30T12:00:00,48,representative_scored,true,4,312.585648148148,0.189,0.48690459994635,5.23,198.45,97.38091998927,209.3675669218917,0.0
974,representative_week_48,representative_week,6,134,8029,2024-11-30T13:00:00,48,representative_scored,true,4,308.271759259259,0.241,0.36460879945638747,6.02,253.04999999999998,72.92175989127749,207.18931362215815,0.0
975,representative_week_48,representative_week,6,135,8030,2024-11-30T14:00:00,48,representative_scored,true,4,313.807407407407,0.287,0.23654939680308745,6.1,301.34999999999997,47.309879360617494,209.9844815449863,0.0
976,representative_week_48,representative_week,6,136,8031,2024-11-30T15:00:00,48,representative_scored,true,4,315.847222222222,0.317,0.13242133768395,5.57,332.85,26.48426753679,211.01446480734154,0.0
977,representative_week_48,representative_week,6,137,8032,2024-11-30T16:00:00,48,representative_scored,true,4,323.122685185185,0.33,0.052383728219487495,5.21,346.5,10.476745643897498,214.68813411462966,0.0
978,representative_week_48,representative_week,6,138,8033,2024-11-30T17:00:00,48,representative_scored,true,4,325.572222222222,0.262,0.004525285065187499,4.83,275.1,0.9050570130374999,215.92500234911023,0.0
979,representative_week_48,representative_week,6,139,8034,2024-11-30T18:00:00,48,representative_scored,true,4,332.05462962963,0.164,0.0,4.23,172.20000000000002,0.0,219.19822650696284,0.0
980,representative_week_48,representative_week,6,140,8035,2024-11-30T19:00:00,48,representative_scored,true,4,340.619444444444,0.102,0.0,3.8,107.1,0.0,223.5229406135377,0.0
981,representative_week_48,representative_week,6,141,8036,2024-11-30T20:00:00,48,representative_scored,true,4,333.430092592593,0.095,0.0,3.29,99.75,0.0,219.89275221564583,0.0
982,representative_week_48,representative_week,6,142,8037,2024-11-30T21:00:00,48,representative_scored,true,4,335.091666666667,0.134,0.0,3.03,140.70000000000002,0.0,220.73174675232136,0.0
983,representative_week_48,representative_week,6,143,8038,2024-11-30T22:00:00,48,representative_scored,true,4,325.768055555556,0.205,0.0,2.9,215.25,0.0,216.02388635273655,0.0
984,representative_week_48,representative_week,6,144,8039,2024-11-30T23:00:00,48,representative_scored,true,4,326.02037037037,0.27,0.0,2.66,283.5,0.0,216.1512900926326,0.0
985,representative_week_48,representative_week,6,145,8040,2024-12-01T00:00:00,48,representative_scored,true,4,316.391203703704,0.351,0.0,2.23,368.54999999999995,0.0,211.28914259519183,0.0
986,representative_week_48,representative_week,6,146,8041,2024-12-01T01:00:00,48,representative_scored,true,4,327.165740740741,0.429,0.0,1.52,450.45,0.0,216.7296329412636,0.0
987,representative_week_48,representative_week,6,147,8042,2024-12-01T02:00:00,48,representative_scored,true,4,313.318055555556,0.471,0.0,1.05,494.54999999999995,0.0,209.73738842008672,4.2873884200867
988,representative_week_48,representative_week,6,148,8043,2024-12-01T03:00:00,48,representative_scored,true,4,314.621296296296,0.507,0.0,0.74,532.35,0.0,210.39544626927602,42.745446269276044
989,representative_week_48,representative_week,6,149,8044,2024-12-01T04:00:00,48,representative_scored,true,4,313.187037037037,0.55,0.0,0.46,577.5,0.0,209.67123198267234,87.17123198267234
990,representative_week_48,representative_week,6,150,8045,2024-12-01T05:00:00,48,representative_scored,true,4,330.808796296296,0.559,0.0,0.06,586.95,0.0,218.56915593070332,105.51915593070339
991,representative_week_48,representative_week,6,151,8046,2024-12-01T06:00:00,48,representative_scored,true,4,345.601851851852,0.55,0.0,-0.64,577.5,0.0,226.0387553819144,103.53875538191437
992,representative_week_48,representative_week,6,152,8047,2024-12-01T07:00:00,48,representative_scored,true,4,346.031018518519,0.577,0.0,-1.75,605.8499999999999,0.0,226.25545862390348,132.10545862390336
993,representative_week_48,representative_week,6,153,8048,2024-12-01T08:00:00,48,representative_scored,true,4,341.825,0.577,0.1450434331779875,-1.96,605.8499999999999,29.008686635597503,224.13167334507963,158.9903599806771
994,representative_week_48,representative_week,6,154,8049,2024-12-01T09:00:00,48,representative_scored,true,4,337.144444444444,0.394,0.36109596449279996,0.89,413.70000000000005,72.21919289856,221.76827552791852,7.687468426478517
995,representative_week_48,representative_week,6,155,8050,2024-12-01T10:00:00,48,representative_scored,true,4,326.946296296296,0.651,0.6110128904999499,4.38,683.5500000000001,122.20257809998998,216.6188267528029,322.3714048527929
996,representative_week_48,representative_week,6,156,8051,2024-12-01T11:00:00,48,representative_scored,true,4,300.248148148148,0.862,0.71623374359475,7.31,905.1,143.24674871895,203.1378746934525,551.4846234124025
997,representative_week_48,representative_week,6,157,8052,2024-12-01T12:00:00,48,representative_scored,true,4,300.712962962963,0.939,0.7546032471733874,8.27,985.9499999999999,150.9206494346775,203.37257809685806,640.2432275315355
998,representative_week_48,representative_week,6,158,8053,2024-12-01T13:00:00,48,representative_scored,true,4,301.726388888889,0.963,0.7077940440391874,8.92,1011.15,141.5588088078375,203.88429697141453,656.593105779252
999,representative_week_48,representative_week,6,159,8054,2024-12-01T14:00:00,48,representative_scored,true,4,299.836574074074,0.967,0.6007712821105876,9.4,1015.35,120.15425642211753,202.93005464800683,638.4343110701243
1000,representative_week_48,representative_week,6,160,8055,2024-12-01T15:00:00,48,representative_scored,true,4,297.273148148148,0.962,0.45231155086154995,9.59,1010.0999999999999,90.46231017230998,201.6356794043253,602.1979895766353
1001,representative_week_48,representative_week,6,161,8056,2024-12-01T16:00:00,48,representative_scored,true,4,295.211111111111,0.943,0.2282454015678,9.51,990.15,45.64908031356,200.59447526212608,536.3935555756862
1002,representative_week_48,representative_week,6,162,8057,2024-12-01T17:00:00,48,representative_scored,true,4,307.589351851852,0.863,0.0083240901216,8.58,906.15,1.6648180243200001,206.8447391036129,414.6595571279329
1003,representative_week_48,representative_week,6,163,8058,2024-12-01T18:00:00,48,representative_scored,true,4,339.47962962963,0.735,0.0,6.25,771.75,0.0,222.94740298486846,294.6974029848684
1004,representative_week_48,representative_week,6,164,8059,2024-12-01T19:00:00,48,representative_scored,true,4,348.275925925926,0.572,0.0,3.69,600.5999999999999,0.0,227.38900125648615,127.98900125648606
1005,representative_week_48,representative_week,6,165,8060,2024-12-01T20:00:00,48,representative_scored,true,4,337.780092592593,0.448,0.0,1.98,470.40000000000003,0.0,222.08923944512588,0.0
1006,representative_week_48,representative_week,6,166,8061,2024-12-01T21:00:00,48,representative_scored,true,4,328.740740740741,0.327,0.0,0.39,343.35,0.0,217.52491280021323,0.0
1007,representative_week_48,representative_week,6,167,8062,2024-12-01T22:00:00,48,representative_scored,true,4,324.381944444444,0.2,0.0,-0.29,210.0,0.0,215.32398397246118,0.0
1008,representative_week_48,representative_week,6,168,8063,2024-12-01T23:00:00,48,representative_scored,true,4,340.181018518519,0.125,0.0,-0.61,131.25,0.0,223.3015620049475,0.0
1009,year_end_tail,tail_with_warmup,7,1,8712,2024-12-29T00:00:00,52,tail_warmup,false,0,367.142592592593,0.686,0.0,-2.47,720.3000000000001,0.0,236.9155282441164,257.2155282441165
1010,year_end_tail,tail_with_warmup,7,2,8713,2024-12-29T01:00:00,52,tail_warmup,false,0,363.987037037037,0.502,0.0,-2.54,527.1,0.0,235.32216330625582,62.42216330625581
1011,year_end_tail,tail_with_warmup,7,3,8714,2024-12-29T02:00:00,52,tail_warmup,false,0,364.381481481481,0.268,0.0,-2.6,281.40000000000003,0.0,235.5213339234881,0.0
1012,year_end_tail,tail_with_warmup,7,4,8715,2024-12-29T03:00:00,52,tail_warmup,false,0,372.682407407407,0.462,0.0,-2.07,485.1,0.0,239.71280008191493,24.81280008191493
1013,year_end_tail,tail_with_warmup,7,5,8716,2024-12-29T04:00:00,52,tail_warmup,false,0,373.34212962963,0.705,0.0,-2.14,740.25,0.0,240.04591995228665,280.2959199522867
1014,year_end_tail,tail_with_warmup,7,6,8717,2024-12-29T05:00:00,52,tail_warmup,false,0,371.940740740741,0.73,0.0,-2.31,766.5,0.0,239.33830321711883,305.8383032171189
1015,year_end_tail,tail_with_warmup,7,7,8718,2024-12-29T06:00:00,52,tail_warmup,false,0,377.166203703704,0.643,0.0,-2.33,675.15,0.0,241.97684635879,217.12684635878998
1016,year_end_tail,tail_with_warmup,7,8,8719,2024-12-29T07:00:00,52,tail_warmup,false,0,379.351851851852,0.495,0.0,-2.18,519.75,0.0,243.0804666451219,62.830466645121874
1017,year_end_tail,tail_with_warmup,7,9,8720,2024-12-29T08:00:00,52,tail_warmup,false,0,387.385648148148,0.373,0.16283343963035,-2.45,391.65,32.566687926069996,247.13704847708937,0.0
1018,year_end_tail,tail_with_warmup,7,10,8721,2024-12-29T09:00:00,52,tail_warmup,false,0,389.4,0.222,0.38500550271675,0.39,233.1,77.00110054334999,248.15417448128994,0.0
1019,year_end_tail,tail_with_warmup,7,11,8722,2024-12-29T10:00:00,52,tail_warmup,false,0,391.065277777778,0.204,0.5660996794131875,4.28,214.2,113.2199358826375,248.99503916460634,0.0
1020,year_end_tail,tail_with_warmup,7,12,8723,2024-12-29T11:00:00,52,tail_warmup,false,0,368.000462962963,0.244,0.6638184932647501,8.52,256.2,132.76369865295,237.34870095976405,0.0
1021,year_end_tail,tail_with_warmup,7,13,8724,2024-12-29T12:00:00,52,tail_warmup,false,0,351.400462962963,0.265,0.6905953005421875,9.86,278.25,138.1190601084375,228.96670371623085,0.0
1022,year_end_tail,tail_with_warmup,7,14,8725,2024-12-29T13:00:00,52,tail_warmup,false,0,361.434722222222,0.314,0.70359066701235,10.62,329.7,140.71813340247,234.0333985024963,4.451531904966373
1023,year_end_tail,tail_with_warmup,7,15,8726,2024-12-29T14:00:00,52,tail_warmup,false,0,365.90462962963,0.366,0.5837563756621874,11.05,384.3,116.75127513243748,236.2904317294687,37.34170686190623
1024,year_end_tail,tail_with_warmup,7,16,8727,2024-12-29T15:00:00,52,tail_warmup,false,0,365.147222222222,0.406,0.4714279853600001,11.33,426.3,94.28559707200002,235.90798674144912,56.49358381344905
1025,year_end_tail,tail_with_warmup,7,17,8728,2024-12-29T16:00:00,52,tail_warmup,false,0,358.643055555556,0.414,0.27405048427068746,10.91,434.7,54.81009685413749,232.62377547208314,22.133872326220512
1026,year_end_tail,tail_with_warmup,7,18,8729,2024-12-29T17:00:00,52,tail_warmup,false,0,357.436574074074,0.364,0.0117380466814,9.75,382.2,2.3476093362799997,232.01457520388095,0.0
1027,year_end_tail,tail_with_warmup,7,19,8730,2024-12-29T18:00:00,52,tail_warmup,false,0,364.776851851852,0.345,0.0,7.86,362.25,0.0,235.72097207738116,0.0
1028,year_end_tail,tail_with_warmup,7,20,8731,2024-12-29T19:00:00,52,tail_warmup,false,0,374.081018518518,0.335,0.0,5.38,351.75,0.0,240.41901420710212,0.0
1029,year_end_tail,tail_with_warmup,7,21,8732,2024-12-29T20:00:00,52,tail_warmup,false,0,376.961111111111,0.315,0.0,4.25,330.75,0.0,241.87328698856203,0.0
1030,year_end_tail,tail_with_warmup,7,22,8733,2024-12-29T21:00:00,52,tail_warmup,false,0,377.67962962963,0.258,0.0,4.25,270.90000000000003,0.0,242.23609543685447,0.0
1031,year_end_tail,tail_with_warmup,7,23,8734,2024-12-29T22:00:00,52,tail_warmup,false,0,370.121759259259,0.189,0.0,5.92,198.45,0.0,238.41982744821402,0.0
1032,year_end_tail,tail_with_warmup,7,24,8735,2024-12-29T23:00:00,52,tail_warmup,false,0,364.16712962963,0.142,0.0,5.43,149.1,0.0,235.4130991866591,0.0
1033,year_end_tail,tail_with_warmup,7,25,8736,2024-12-30T00:00:00,,tail_scored,true,1,369.430092592593,0.116,0.0,4.53,121.80000000000001,0.0,238.07057756306713,0.0
1034,year_end_tail,tail_with_warmup,7,26,8737,2024-12-30T01:00:00,,tail_scored,true,1,367.745833333333,0.109,0.0,3.69,114.45,0.0,237.22012837821697,0.0
1035,year_end_tail,tail_with_warmup,7,27,8738,2024-12-30T02:00:00,,tail_scored,true,1,367.80787037037,0.126,0.0,2.92,132.3,0.0,237.2514533344484,0.0
1036,year_end_tail,tail_with_warmup,7,28,8739,2024-12-30T03:00:00,,tail_scored,true,1,366.569907407407,0.169,0.0,2.62,177.45000000000002,0.0,236.62635681980072,0.0
1037,year_end_tail,tail_with_warmup,7,29,8740,2024-12-30T04:00:00,,tail_scored,true,1,362.905555555556,0.204,0.0,2.05,214.2,0.0,234.77608048717718,0.0
1038,year_end_tail,tail_with_warmup,7,30,8741,2024-12-30T05:00:00,,tail_scored,true,1,368.77962962963,0.194,0.0,1.51,203.70000000000002,0.0,237.7421330592975,0.0
1039,year_end_tail,tail_with_warmup,7,31,8742,2024-12-30T06:00:00,,tail_scored,true,1,383.90787037037,0.164,0.0,1.23,172.20000000000002,0.0,245.38098078148963,0.0
1040,year_end_tail,tail_with_warmup,7,32,8743,2024-12-30T07:00:00,,tail_scored,true,1,379.097222222222,0.132,0.0,0.94,138.6,0.0,242.95189406357488,0.0
1041,year_end_tail,tail_with_warmup,7,33,8744,2024-12-30T08:00:00,,tail_scored,true,1,378.618055555555,0.091,0.17151062526675,0.63,95.55,34.302125053350004,242.70994384193656,0.0
1042,year_end_tail,tail_with_warmup,7,34,8745,2024-12-30T09:00:00,,tail_scored,true,1,382.390277777778,0.051,0.3836978720696,0.8,53.55,76.73957441392,244.61468819547073,0.0
1043,year_end_tail,tail_with_warmup,7,35,8746,2024-12-30T10:00:00,,tail_scored,true,1,401.999537037037,0.021,0.5462113101896874,2.25,22.05,109.24226203793748,254.51617958455734,0.0
1044,year_end_tail,tail_with_warmup,7,36,8747,2024-12-30T11:00:00,,tail_scored,true,1,394.634722222222,0.007,0.62131449126435,3.55,7.3500000000000005,124.26289825287,250.79739298956264,0.0
1045,year_end_tail,tail_with_warmup,7,37,8748,2024-12-30T12:00:00,,tail_scored,true,1,392.011574074074,0.013,0.70263195531795,3.98,13.649999999999999,140.52639106358998,249.47286163130022,0.0
1046,year_end_tail,tail_with_warmup,7,38,8749,2024-12-30T13:00:00,,tail_scored,true,1,394.235185185185,0.024,0.6828697765367999,4.46,25.2,136.57395530736,250.59565092069917,0.0
1047,year_end_tail,tail_with_warmup,7,39,8750,2024-12-30T14:00:00,,tail_scored,true,1,377.643981481481,0.031,0.611013621644,4.52,32.55,122.20272432879999,242.21809527543743,0.0
1048,year_end_tail,tail_with_warmup,7,40,8751,2024-12-30T15:00:00,,tail_scored,true,1,368.938425925926,0.029,0.43296592066559997,4.57,30.450000000000003,86.59318413311999,237.82231559651657,0.0
1049,year_end_tail,tail_with_warmup,7,41,8752,2024-12-30T16:00:00,,tail_scored,true,1,369.503703703704,0.023,0.27309888527508747,4.0,24.15,54.619777055017494,238.10774672755065,0.0
1050,year_end_tail,tail_with_warmup,7,42,8753,2024-12-30T17:00:00,,tail_scored,true,1,369.693055555555,0.052,0.013081809841550001,3.01,54.599999999999994,2.61636196831,238.20335797455505,0.0
1051,year_end_tail,tail_with_warmup,7,43,8754,2024-12-30T18:00:00,,tail_scored,true,1,385.214351851852,0.143,0.0,0.87,150.14999999999998,0.0,246.04067500899015,0.0
1052,year_end_tail,tail_with_warmup,7,44,8755,2024-12-30T19:00:00,,tail_scored,true,1,390.14537037037,0.248,0.0,1.28,260.4,0.0,248.53054149272688,0.0
1053,year_end_tail,tail_with_warmup,7,45,8756,2024-12-30T20:00:00,,tail_scored,true,1,389.460648148148,0.352,0.0,1.02,369.59999999999997,0.0,248.184798132531,0.0
1054,year_end_tail,tail_with_warmup,7,46,8757,2024-12-30T21:00:00,,tail_scored,true,1,388.315740740741,0.446,0.0,0.63,468.3,0.0,247.60668905223062,15.906689052230604
1055,year_end_tail,tail_with_warmup,7,47,8758,2024-12-30T22:00:00,,tail_scored,true,1,387.403703703704,0.525,0.0,-1.0,551.25,0.0,247.14616544196295,98.39616544196292
1056,year_end_tail,tail_with_warmup,7,48,8759,2024-12-30T23:00:00,,tail_scored,true,1,377.942592592593,0.618,0.0,-2.45,648.9,0.0,242.36887584834278,191.26887584834276
1057,year_end_tail,tail_with_warmup,7,49,8760,2024-12-31T00:00:00,,tail_scored,true,1,375.61712962963,0.679,0.0,-3.56,712.95,0.0,241.19465752632513,254.1446575263252
1058,year_end_tail,tail_with_warmup,7,50,8761,2024-12-31T01:00:00,,tail_scored,true,1,371.849074074074,0.724,0.0,-4.08,760.1999999999999,0.0,239.29201708776182,299.4920170877617
1059,year_end_tail,tail_with_warmup,7,51,8762,2024-12-31T02:00:00,,tail_scored,true,1,376.970833333333,0.767,0.0,-4.29,805.35,0.0,241.87819612349372,347.2281961234937
1060,year_end_tail,tail_with_warmup,7,52,8763,2024-12-31T03:00:00,,tail_scored,true,1,375.25,0.803,0.0,-4.51,843.1500000000001,0.0,241.00927924056737,384.15927924056746
1061,year_end_tail,tail_with_warmup,7,53,8764,2024-12-31T04:00:00,,tail_scored,true,1,377.353703703704,0.836,0.0,-4.51,877.8,0.0,242.07152253247446,419.8715225324745
1062,year_end_tail,tail_with_warmup,7,54,8765,2024-12-31T05:00:00,,tail_scored,true,1,378.612962962963,0.841,0.0,-4.49,883.05,0.0,242.70737239030592,425.7573723903058
1063,year_end_tail,tail_with_warmup,7,55,8766,2024-12-31T06:00:00,,tail_scored,true,1,390.076388888889,0.83,0.0,-4.49,871.5,0.0,248.49571001154445,419.99571001154436
1064,year_end_tail,tail_with_warmup,7,56,8767,2024-12-31T07:00:00,,tail_scored,true,1,395.828240740741,0.815,0.0,-4.44,855.75,0.0,251.4000477445224,407.15004774452245
1065,year_end_tail,tail_with_warmup,7,57,8768,2024-12-31T08:00:00,,tail_scored,true,1,398.807407407407,0.769,0.09227055464298752,-4.21,807.45,18.454110928597505,252.90434694862003,378.8084578772175
1066,year_end_tail,tail_with_warmup,7,58,8769,2024-12-31T09:00:00,,tail_scored,true,1,402.094907407407,0.643,0.24516558264755,-2.99,675.15,49.03311652951,254.56433586055462,278.7474523900646
1067,year_end_tail,tail_with_warmup,7,59,8770,2024-12-31T10:00:00,,tail_scored,true,1,394.57962962963,0.782,0.33777710963635,-1.5,821.1,67.55542192727,250.76957455828278,439.4249964855526
1068,year_end_tail,tail_with_warmup,7,60,8771,2024-12-31T11:00:00,,tail_scored,true,1,387.965277777778,0.801,0.4545648331640875,-0.3,841.0500000000001,90.9129666328175,247.42972642635615,479.39269305917355
1069,year_end_tail,tail_with_warmup,7,61,8772,2024-12-31T12:00:00,,tail_scored,true,1,375.231018518519,0.783,0.55608806176875,0.85,822.15,111.21761235375001,240.99969473903414,474.36730709278413
1070,year_end_tail,tail_with_warmup,7,62,8773,2024-12-31T13:00:00,,tail_scored,true,1,378.50787037037,0.736,0.5005924487461875,1.78,772.8,100.1184897492375,242.65430697937637,415.57279672861387
1071,year_end_tail,tail_with_warmup,7,63,8774,2024-12-31T14:00:00,,tail_scored,true,1,374.861111111111,0.669,0.28819989281194996,2.02,702.45,57.63997856238999,240.8129138432958,300.90289240568575
1072,year_end_tail,tail_with_warmup,7,64,8775,2024-12-31T15:00:00,,tail_scored,true,1,377.960185185185,0.537,0.2821970253019499,1.28,563.85,56.43940506038998,242.37775904488578,162.6671641052758
1073,year_end_tail,tail_with_warmup,7,65,8776,2024-12-31T16:00:00,,tail_scored,true,1,375.749074074074,0.348,0.2095432860620875,1.11,365.4,41.9086572124175,241.26128150039915,0.0
1074,year_end_tail,tail_with_warmup,7,66,8777,2024-12-31T17:00:00,,tail_scored,true,1,373.060185185185,0.384,0.0625739922976,0.45,403.2,12.51479845952,239.90355503926455,0.0
1075,year_end_tail,tail_with_warmup,7,67,8778,2024-12-31T18:00:00,,tail_scored,true,1,375.426388888889,0.58,0.0,-0.69,609.0,0.0,241.0983449743299,150.09834497432985
1076,year_end_tail,tail_with_warmup,7,68,8779,2024-12-31T19:00:00,,tail_scored,true,1,383.551851851852,0.721,0.0,-1.75,757.05,0.0,245.20121293565435,302.2512129356543
1077,year_end_tail,tail_with_warmup,7,69,8780,2024-12-31T20:00:00,,tail_scored,true,1,385.503703703704,0.776,0.0,-1.11,814.8000000000001,0.0,246.18678021529345,360.9867802152935
1078,year_end_tail,tail_with_warmup,7,70,8781,2024-12-31T21:00:00,,tail_scored,true,1,382.677777777778,0.788,0.0,-1.05,827.4000000000001,0.0,244.75985832845365,372.15985832845377
1079,year_end_tail,tail_with_warmup,7,71,8782,2024-12-31T22:00:00,,tail_scored,true,1,374.627777777778,0.779,0.0,-0.96,817.95,0.0,240.69509460493308,358.6450946049331
1080,year_end_tail,tail_with_warmup,7,72,8783,2024-12-31T23:00:00,,tail_scored,true,1,366.855092592593,0.767,0.0,-1.06,805.35,0.0,236.77035811113353,342.12035811113356
